node,mean,sd,MC error,2.50%,median,97.50%,start,sample
S[1],0.07946,0.1038,0.001158,-0.1473,0.09146,0.2667,15001,40000
S[2],-0.1679,0.142,0.003381,-0.3824,-0.1872,0.1095,15001,40000
S[3],-0.2069,0.1222,0.002091,-0.4161,-0.2268,0.06097,15001,40000
S[4],0.08152,0.0798,6.04E-04,-0.07666,0.07937,0.2482,15001,40000
S[5],-0.1358,0.1028,0.001836,-0.3069,-0.1441,0.07654,15001,40000
S[6],0.2156,0.1045,0.002049,-0.002704,0.2305,0.3992,15001,40000
S[7],-0.01187,0.1007,0.001332,-0.2258,-0.001836,0.1683,15001,40000
S[8],0.01114,0.08588,4.95E-04,-0.1672,0.01176,0.1859,15001,40000
S[9],-0.04942,0.1017,0.001203,-0.2425,-0.05886,0.168,15001,40000
S[10],0.06075,0.1104,0.001684,-0.18,0.07565,0.2538,15001,40000
S[11],0.1808,0.1001,0.001793,-0.02713,0.1932,0.359,15001,40000
S[12],0.1336,0.09828,0.001381,-0.07013,0.1433,0.3173,15001,40000
S[13],0.1211,0.08672,0.001149,-0.05791,0.1275,0.2868,15001,40000
S[14],-0.2074,0.1429,0.003339,-0.4201,-0.2344,0.08594,15001,40000
S[15],-0.1403,0.1206,0.00201,-0.3523,-0.1591,0.125,15001,40000
S[16],-0.02333,0.09638,5.79E-04,-0.2272,-0.02011,0.1711,15001,40000
S[17],0.01736,0.09319,8.30E-04,-0.185,0.02459,0.1936,15001,40000
S[18],0.2032,0.107,0.001732,-0.02149,0.2155,0.4051,15001,40000
S[19],0.1586,0.09999,0.001099,-0.03819,0.1557,0.3687,15001,40000
S[20],-0.2281,0.1017,0.001649,-0.4252,-0.2347,-0.009843,15001,40000
S[21],0.08095,0.1219,0.002573,-0.1685,0.09511,0.2741,15001,40000
S[22],0.08052,0.1082,0.001507,-0.151,0.0941,0.2785,15001,40000
S[23],-0.2278,0.1066,0.002132,-0.4078,-0.2425,-0.00204,15001,40000
S[24],0.08397,0.08727,7.62E-04,-0.09832,0.0876,0.2575,15001,40000
S[25],-0.09791,0.109,0.001844,-0.2874,-0.1129,0.1343,15001,40000
S[26],-0.3703,0.1558,0.003929,-0.595,-0.4062,-0.0207,15001,40000
S[27],0.09688,0.1113,0.00178,-0.1452,0.1127,0.2952,15001,40000
S[28],-0.2323,0.1088,0.001849,-0.4309,-0.2467,3.93E-04,15001,40000
S[29],0.1433,0.1064,0.001151,-0.08004,0.1494,0.3561,15001,40000
S[30],0.02727,0.08621,5.66E-04,-0.1472,0.02397,0.2077,15001,40000
S[31],-0.1847,0.09556,0.001285,-0.3765,-0.1891,0.01159,15001,40000
S[32],0.5078,0.2074,0.005766,0.04018,0.5621,0.7765,15001,40000
SP[1],-3.764,0.004136,3.46E-05,-3.772,-3.764,-3.756,15001,40000
SP[2],-4.232,0.004023,3.51E-05,-4.24,-4.232,-4.224,15001,40000
SP[3],-4.183,0.00489,4.45E-05,-4.192,-4.183,-4.173,15001,40000
SP[4],-3.827,0.003523,2.99E-05,-3.833,-3.827,-3.82,15001,40000
SP[5],-4.148,0.004136,3.62E-05,-4.156,-4.148,-4.14,15001,40000
SP[6],-3.62,0.003998,3.80E-05,-3.628,-3.62,-3.613,15001,40000
SP[7],-3.846,0.003342,3.18E-05,-3.853,-3.846,-3.84,15001,40000
SP[8],-3.888,0.003478,3.11E-05,-3.895,-3.888,-3.881,15001,40000
SP[9],-3.989,0.003894,3.53E-05,-3.997,-3.989,-3.982,15001,40000
SP[10],-3.768,0.00369,3.49E-05,-3.775,-3.768,-3.761,15001,40000
SP[11],-3.659,0.003723,3.52E-05,-3.667,-3.659,-3.652,15001,40000
SP[12],-3.719,0.004494,4.32E-05,-3.728,-3.719,-3.71,15001,40000
SP[13],-3.735,0.003751,3.45E-05,-3.743,-3.735,-3.728,15001,40000
SP[14],-4.248,0.004901,4.31E-05,-4.258,-4.248,-4.238,15001,40000
SP[15],-4.105,0.004581,4.10E-05,-4.114,-4.105,-4.096,15001,40000
SP[16],-3.919,0.003847,3.32E-05,-3.927,-3.919,-3.912,15001,40000
SP[17],-3.841,0.003844,3.46E-05,-3.849,-3.841,-3.834,15001,40000
SP[18],-3.66,0.003973,3.53E-05,-3.668,-3.66,-3.652,15001,40000
SP[19],-3.757,0.005163,4.54E-05,-3.767,-3.757,-3.747,15001,40000
SP[20],-4.144,0.005763,5.33E-05,-4.156,-4.144,-4.133,15001,40000
SP[21],-3.691,0.003398,2.88E-05,-3.698,-3.691,-3.685,15001,40000
SP[22],-3.772,0.003618,3.36E-05,-3.779,-3.772,-3.765,15001,40000
SP[23],-4.214,0.005295,5.09E-05,-4.225,-4.214,-4.204,15001,40000
SP[24],-3.8,0.003418,3.34E-05,-3.806,-3.8,-3.793,15001,40000
SP[25],-4.077,0.00414,3.74E-05,-4.085,-4.077,-4.069,15001,40000
SP[26],-4.412,0.006119,5.40E-05,-4.424,-4.413,-4.401,15001,40000
SP[27],-3.745,0.003524,3.25E-05,-3.751,-3.745,-3.738,15001,40000
SP[28],-4.185,0.005327,4.60E-05,-4.196,-4.185,-4.175,15001,40000
SP[29],-3.74,0.003532,3.24E-05,-3.747,-3.74,-3.733,15001,40000
SP[30],-3.892,0.003956,3.55E-05,-3.9,-3.892,-3.884,15001,40000
SP[31],-4.103,0.004081,3.84E-05,-4.111,-4.103,-4.095,15001,40000
SP[32],-3.182,0.003312,2.94E-05,-3.188,-3.182,-3.175,15001,40000
alpha,-3.903,0.04564,4.54E-04,-3.994,-3.902,-3.812,15001,40000
"delta.centred[1,1]",0.04969,0.01138,8.75E-05,0.02726,0.04973,0.07177,15001,40000
"delta.centred[1,2]",0.06536,0.01081,8.46E-05,0.04426,0.06536,0.08643,15001,40000
"delta.centred[1,3]",-0.008931,0.01434,1.21E-04,-0.03707,-0.008984,0.01919,15001,40000
"delta.centred[1,4]",-0.04818,0.01454,1.20E-04,-0.0769,-0.04803,-0.02006,15001,40000
"delta.centred[1,5]",0.003811,0.01442,1.15E-04,-0.0245,0.003854,0.0322,15001,40000
"delta.centred[1,6]",0.01806,0.01317,1.02E-04,-0.007678,0.01807,0.04389,15001,40000
"delta.centred[1,7]",0.004298,0.0125,1.03E-04,-0.02025,0.004329,0.02864,15001,40000
"delta.centred[1,8]",8.08E-04,0.01219,8.94E-05,-0.02305,8.58E-04,0.02474,15001,40000
"delta.centred[1,9]",-0.04913,0.01226,9.79E-05,-0.07316,-0.04911,-0.02535,15001,40000
"delta.centred[1,10]",-0.05864,0.01198,9.40E-05,-0.08197,-0.05877,-0.03508,15001,40000
"delta.centred[1,11]",-0.01293,0.01161,8.62E-05,-0.036,-0.01285,0.009635,15001,40000
"delta.centred[1,12]",0.03578,0.01171,9.04E-05,0.01279,0.03584,0.05883,15001,40000
"delta.centred[2,1]",0.07101,0.01047,8.36E-05,0.05033,0.07103,0.09147,15001,40000
"delta.centred[2,2]",0.03154,0.01012,8.27E-05,0.01146,0.03157,0.05134,15001,40000
"delta.centred[2,3]",-0.09821,0.01348,1.06E-04,-0.1249,-0.09817,-0.07199,15001,40000
"delta.centred[2,4]",-0.1428,0.01377,1.23E-04,-0.1699,-0.1428,-0.1158,15001,40000
"delta.centred[2,5]",-0.05771,0.01343,1.08E-04,-0.08393,-0.05766,-0.03132,15001,40000
"delta.centred[2,6]",-0.003136,0.0123,9.34E-05,-0.02742,-0.003056,0.02085,15001,40000
"delta.centred[2,7]",0.01104,0.0115,9.51E-05,-0.01146,0.01107,0.03344,15001,40000
"delta.centred[2,8]",0.03221,0.01112,8.58E-05,0.01045,0.03218,0.05406,15001,40000
"delta.centred[2,9]",0.01553,0.01105,8.24E-05,-0.006019,0.01552,0.03707,15001,40000
"delta.centred[2,10]",0.009493,0.01086,8.84E-05,-0.01176,0.009519,0.03064,15001,40000
"delta.centred[2,11]",0.0555,0.0104,7.69E-05,0.03517,0.05553,0.07567,15001,40000
"delta.centred[2,12]",0.07555,0.01069,8.21E-05,0.05462,0.07557,0.09664,15001,40000
"delta.centred[3,1]",0.09819,0.01278,1.09E-04,0.07295,0.09823,0.123,15001,40000
"delta.centred[3,2]",0.1315,0.01235,1.02E-04,0.1073,0.1316,0.1555,15001,40000
"delta.centred[3,3]",-0.07796,0.01692,1.33E-04,-0.1111,-0.07807,-0.04475,15001,40000
"delta.centred[3,4]",-0.09618,0.01734,1.47E-04,-0.1303,-0.09603,-0.0626,15001,40000
"delta.centred[3,5]",-0.07874,0.0173,1.30E-04,-0.1128,-0.07878,-0.045,15001,40000
"delta.centred[3,6]",-0.09658,0.01607,1.29E-04,-0.1283,-0.09662,-0.0651,15001,40000
"delta.centred[3,7]",-0.1109,0.01513,1.24E-04,-0.1406,-0.1108,-0.08119,15001,40000
"delta.centred[3,8]",-0.03961,0.01441,1.18E-04,-0.06766,-0.03956,-0.01141,15001,40000
"delta.centred[3,9]",-0.002203,0.01408,1.08E-04,-0.02967,-0.002061,0.02531,15001,40000
"delta.centred[3,10]",-0.006294,0.01352,1.11E-04,-0.03273,-0.006276,0.02032,15001,40000
"delta.centred[3,11]",0.1338,0.01277,1.01E-04,0.1088,0.1338,0.159,15001,40000
"delta.centred[3,12]",0.1449,0.0129,9.06E-05,0.1194,0.1449,0.17,15001,40000
"delta.centred[4,1]",-0.04885,0.009647,7.32E-05,-0.0681,-0.04871,-0.03003,15001,40000
"delta.centred[4,2]",-0.001007,0.009064,7.07E-05,-0.01889,-0.001003,0.01671,15001,40000
"delta.centred[4,3]",0.08956,0.01095,9.11E-05,0.068,0.08955,0.111,15001,40000
"delta.centred[4,4]",0.01275,0.01131,8.94E-05,-0.009646,0.01278,0.03474,15001,40000
"delta.centred[4,5]",-0.003478,0.01167,9.43E-05,-0.02639,-0.003402,0.01942,15001,40000
"delta.centred[4,6]",0.02077,0.01049,7.64E-05,3.85E-04,0.02077,0.04148,15001,40000
"delta.centred[4,7]",-0.03124,0.01016,7.73E-05,-0.05124,-0.0312,-0.01122,15001,40000
"delta.centred[4,8]",-0.005767,0.009843,7.61E-05,-0.02511,-0.005748,0.01345,15001,40000
"delta.centred[4,9]",0.01223,0.009655,7.55E-05,-0.0067,0.01224,0.03119,15001,40000
"delta.centred[4,10]",0.00469,0.009466,7.91E-05,-0.01376,0.004624,0.02353,15001,40000
"delta.centred[4,11]",-0.02912,0.009407,7.43E-05,-0.04756,-0.02909,-0.01079,15001,40000
"delta.centred[4,12]",-0.02054,0.009823,7.74E-05,-0.03985,-0.02049,-0.001437,15001,40000
"delta.centred[5,1]",-0.03337,0.01122,9.00E-05,-0.05556,-0.03336,-0.01121,15001,40000
"delta.centred[5,2]",-0.03016,0.01062,7.72E-05,-0.0512,-0.03014,-0.0094,15001,40000
"delta.centred[5,3]",0.03135,0.01304,1.05E-04,0.005692,0.03132,0.05671,15001,40000
"delta.centred[5,4]",-0.02469,0.01324,1.14E-04,-0.05062,-0.02467,0.001148,15001,40000
"delta.centred[5,5]",-0.003775,0.01342,1.17E-04,-0.02976,-0.003732,0.02238,15001,40000
"delta.centred[5,6]",0.01823,0.01228,9.68E-05,-0.006039,0.01823,0.04234,15001,40000
"delta.centred[5,7]",0.01776,0.01159,9.63E-05,-0.00467,0.01768,0.04043,15001,40000
"delta.centred[5,8]",-0.009313,0.01147,9.15E-05,-0.03192,-0.009224,0.01292,15001,40000
"delta.centred[5,9]",0.02014,0.01123,8.87E-05,-0.001926,0.02014,0.04244,15001,40000
"delta.centred[5,10]",-0.01408,0.01105,8.26E-05,-0.03564,-0.0141,0.007666,15001,40000
"delta.centred[5,11]",0.01817,0.01086,8.65E-05,-0.00319,0.01828,0.03947,15001,40000
"delta.centred[5,12]",0.009729,0.01128,8.91E-05,-0.01259,0.009793,0.03155,15001,40000
"delta.centred[6,1]",-0.1154,0.01147,1.02E-04,-0.1378,-0.1154,-0.09287,15001,40000
"delta.centred[6,2]",-0.04988,0.01061,8.06E-05,-0.07071,-0.04989,-0.02917,15001,40000
"delta.centred[6,3]",0.111,0.01265,1.00E-04,0.08612,0.1109,0.1358,15001,40000
"delta.centred[6,4]",0.04468,0.01283,1.02E-04,0.01968,0.04466,0.06972,15001,40000
"delta.centred[6,5]",-0.01749,0.01349,1.18E-04,-0.04395,-0.01744,0.008936,15001,40000
"delta.centred[6,6]",-0.01609,0.01235,9.66E-05,-0.04026,-0.01612,0.008051,15001,40000
"delta.centred[6,7]",0.02796,0.01144,8.91E-05,0.005593,0.02795,0.05044,15001,40000
"delta.centred[6,8]",0.02752,0.01123,9.02E-05,0.005542,0.02757,0.04937,15001,40000
"delta.centred[6,9]",0.05029,0.01092,8.77E-05,0.02856,0.05042,0.07127,15001,40000
"delta.centred[6,10]",0.04264,0.01069,8.48E-05,0.02184,0.04267,0.0635,15001,40000
"delta.centred[6,11]",-0.03369,0.01072,8.36E-05,-0.05463,-0.03368,-0.0126,15001,40000
"delta.centred[6,12]",-0.0715,0.01135,9.12E-05,-0.0939,-0.07143,-0.04921,15001,40000
"delta.centred[7,1]",0.04914,0.008942,6.97E-05,0.03147,0.0491,0.06667,15001,40000
"delta.centred[7,2]",0.03441,0.008716,6.87E-05,0.01745,0.0344,0.05154,15001,40000
"delta.centred[7,3]",0.008716,0.01111,9.34E-05,-0.01296,0.008746,0.03036,15001,40000
"delta.centred[7,4]",-0.003223,0.01138,9.77E-05,-0.02543,-0.003234,0.01882,15001,40000
"delta.centred[7,5]",-0.03882,0.01177,9.18E-05,-0.0619,-0.03882,-0.01582,15001,40000
"delta.centred[7,6]",0.006381,0.01053,8.39E-05,-0.0143,0.006407,0.02714,15001,40000
"delta.centred[7,7]",0.02107,0.009827,7.83E-05,0.001635,0.02114,0.04013,15001,40000
"delta.centred[7,8]",2.55E-04,0.009707,7.18E-05,-0.01856,2.51E-04,0.0194,15001,40000
"delta.centred[7,9]",-0.04419,0.009669,7.39E-05,-0.06331,-0.04412,-0.02539,15001,40000
"delta.centred[7,10]",-0.05739,0.00941,7.11E-05,-0.07608,-0.05737,-0.03912,15001,40000
"delta.centred[7,11]",-0.03712,0.009255,7.03E-05,-0.05517,-0.03713,-0.01893,15001,40000
"delta.centred[7,12]",0.06077,0.009088,7.35E-05,0.04292,0.06078,0.07872,15001,40000
"delta.centred[8,1]",-0.007992,0.009531,7.40E-05,-0.02676,-0.007978,0.0109,15001,40000
"delta.centred[8,2]",0.005368,0.00921,7.30E-05,-0.0126,0.005357,0.02334,15001,40000
"delta.centred[8,3]",0.1139,0.01116,9.30E-05,0.09185,0.1139,0.1357,15001,40000
"delta.centred[8,4]",0.1096,0.01133,8.16E-05,0.08732,0.1096,0.1315,15001,40000
"delta.centred[8,5]",0.04179,0.0117,9.45E-05,0.01892,0.04178,0.06468,15001,40000
"delta.centred[8,6]",-0.02019,0.01094,8.57E-05,-0.04192,-0.02012,9.04E-04,15001,40000
"delta.centred[8,7]",-0.01145,0.0102,8.25E-05,-0.03146,-0.01145,0.008365,15001,40000
"delta.centred[8,8]",-0.01004,0.01011,7.66E-05,-0.02991,-0.01003,0.009704,15001,40000
"delta.centred[8,9]",-0.04959,0.009971,7.84E-05,-0.06916,-0.04956,-0.03007,15001,40000
"delta.centred[8,10]",-0.06695,0.009811,7.24E-05,-0.08629,-0.06689,-0.04762,15001,40000
"delta.centred[8,11]",-0.06765,0.009571,6.91E-05,-0.08624,-0.06765,-0.04876,15001,40000
"delta.centred[8,12]",-0.03678,0.009853,7.31E-05,-0.0562,-0.03669,-0.01762,15001,40000
"delta.centred[9,1]",0.1361,0.00995,7.36E-05,0.1167,0.1361,0.1556,15001,40000
"delta.centred[9,2]",0.1315,0.009769,7.11E-05,0.1125,0.1315,0.1506,15001,40000
"delta.centred[9,3]",-0.1343,0.01397,1.14E-04,-0.1619,-0.1343,-0.1073,15001,40000
"delta.centred[9,4]",-0.1221,0.01372,1.08E-04,-0.1491,-0.1221,-0.09511,15001,40000
"delta.centred[9,5]",-0.05866,0.01385,1.11E-04,-0.08604,-0.05853,-0.03172,15001,40000
"delta.centred[9,6]",-0.02508,0.01251,9.50E-05,-0.04953,-0.02501,-9.66E-04,15001,40000
"delta.centred[9,7]",-0.05341,0.01175,9.46E-05,-0.07671,-0.05331,-0.03054,15001,40000
"delta.centred[9,8]",-0.02663,0.01134,8.27E-05,-0.04906,-0.02663,-0.004541,15001,40000
"delta.centred[9,9]",-0.03711,0.01126,8.52E-05,-0.05938,-0.03703,-0.01506,15001,40000
"delta.centred[9,10]",-0.008025,0.01089,8.23E-05,-0.02939,-0.008022,0.01323,15001,40000
"delta.centred[9,11]",0.06161,0.01037,7.57E-05,0.04116,0.06164,0.0819,15001,40000
"delta.centred[9,12]",0.1361,0.0102,7.71E-05,0.1161,0.1361,0.1561,15001,40000
"delta.centred[10,1]",0.05471,0.009951,7.20E-05,0.035,0.05478,0.07408,15001,40000
"delta.centred[10,2]",0.05643,0.009687,8.12E-05,0.03745,0.05644,0.07532,15001,40000
"delta.centred[10,3]",-0.05157,0.01314,1.13E-04,-0.07715,-0.0516,-0.02587,15001,40000
"delta.centred[10,4]",-0.01805,0.01306,1.05E-04,-0.04362,-0.01803,0.007617,15001,40000
"delta.centred[10,5]",-0.02625,0.01297,1.04E-04,-0.05146,-0.02624,-0.001002,15001,40000
"delta.centred[10,6]",-0.02778,0.01183,9.57E-05,-0.05066,-0.02777,-0.00419,15001,40000
"delta.centred[10,7]",-0.02586,0.01115,9.48E-05,-0.04783,-0.0258,-0.003814,15001,40000
"delta.centred[10,8]",0.01015,0.01077,8.36E-05,-0.01114,0.01017,0.03127,15001,40000
"delta.centred[10,9]",0.001056,0.01058,8.69E-05,-0.01981,0.001122,0.02184,15001,40000
"delta.centred[10,10]",-0.005726,0.01038,7.74E-05,-0.02611,-0.005709,0.01455,15001,40000
"delta.centred[10,11]",0.004775,0.01025,8.07E-05,-0.01517,0.004717,0.02493,15001,40000
"delta.centred[10,12]",0.02811,0.01038,7.51E-05,0.007669,0.02813,0.04828,15001,40000
"delta.centred[11,1]",-0.05492,0.01016,7.31E-05,-0.07521,-0.05481,-0.03533,15001,40000
"delta.centred[11,2]",-0.06605,0.0097,7.67E-05,-0.08528,-0.06606,-0.04692,15001,40000
"delta.centred[11,3]",-0.03239,0.01228,9.73E-05,-0.05649,-0.0324,-0.008328,15001,40000
"delta.centred[11,4]",0.05091,0.01213,9.80E-05,0.02716,0.05088,0.07485,15001,40000
"delta.centred[11,5]",0.07192,0.01214,9.68E-05,0.04804,0.07193,0.09572,15001,40000
"delta.centred[11,6]",0.04294,0.01136,9.23E-05,0.02062,0.0429,0.06542,15001,40000
"delta.centred[11,7]",0.02959,0.01062,8.23E-05,0.008832,0.02954,0.05045,15001,40000
"delta.centred[11,8]",0.02864,0.01042,8.35E-05,0.008203,0.02865,0.04904,15001,40000
"delta.centred[11,9]",0.0302,0.01018,7.85E-05,0.0102,0.03019,0.0502,15001,40000
"delta.centred[11,10]",-0.008983,0.01009,8.21E-05,-0.02885,-0.009015,0.01082,15001,40000
"delta.centred[11,11]",-0.05455,0.0101,7.60E-05,-0.07437,-0.05461,-0.03444,15001,40000
"delta.centred[11,12]",-0.03729,0.01025,8.25E-05,-0.05724,-0.03726,-0.0171,15001,40000
"delta.centred[12,1]",-0.05985,0.01248,1.03E-04,-0.08428,-0.05984,-0.03538,15001,40000
"delta.centred[12,2]",-0.0619,0.01179,9.45E-05,-0.08518,-0.06181,-0.03887,15001,40000
"delta.centred[12,3]",0.06754,0.01436,1.19E-04,0.03929,0.06751,0.09544,15001,40000
"delta.centred[12,4]",0.05003,0.01447,1.19E-04,0.02172,0.04993,0.07845,15001,40000
"delta.centred[12,5]",0.02493,0.0148,1.17E-04,-0.004286,0.02511,0.05384,15001,40000
"delta.centred[12,6]",-0.006518,0.01378,1.15E-04,-0.03347,-0.006484,0.02067,15001,40000
"delta.centred[12,7]",-0.002538,0.01285,9.95E-05,-0.02763,-0.002499,0.02271,15001,40000
"delta.centred[12,8]",2.96E-04,0.01272,9.39E-05,-0.02464,3.03E-04,0.0252,15001,40000
"delta.centred[12,9]",-0.01217,0.01249,1.09E-04,-0.03653,-0.01228,0.01243,15001,40000
"delta.centred[12,10]",0.04282,0.01201,9.67E-05,0.01918,0.04279,0.06643,15001,40000
"delta.centred[12,11]",0.02726,0.01178,9.01E-05,0.004141,0.0272,0.05051,15001,40000
"delta.centred[12,12]",-0.06989,0.01271,1.02E-04,-0.09452,-0.06992,-0.04501,15001,40000
"delta.centred[13,1]",0.01171,0.01014,7.85E-05,-0.008108,0.01169,0.0315,15001,40000
"delta.centred[13,2]",-0.03041,0.00982,7.36E-05,-0.04968,-0.03035,-0.0114,15001,40000
"delta.centred[13,3]",-0.06079,0.01255,1.07E-04,-0.08548,-0.0608,-0.03639,15001,40000
"delta.centred[13,4]",-0.05181,0.01248,9.62E-05,-0.07642,-0.05179,-0.02743,15001,40000
"delta.centred[13,5]",-0.06004,0.0128,1.10E-04,-0.08511,-0.05998,-0.0348,15001,40000
"delta.centred[13,6]",-0.004573,0.01153,9.03E-05,-0.02712,-0.004525,0.01785,15001,40000
"delta.centred[13,7]",0.0175,0.01076,7.70E-05,-0.003661,0.01758,0.03855,15001,40000
"delta.centred[13,8]",0.06955,0.01043,7.38E-05,0.04909,0.06949,0.08992,15001,40000
"delta.centred[13,9]",0.07648,0.01007,7.99E-05,0.05691,0.07649,0.0963,15001,40000
"delta.centred[13,10]",0.06187,0.009991,8.37E-05,0.04219,0.06185,0.0814,15001,40000
"delta.centred[13,11]",-0.01386,0.01015,8.16E-05,-0.03381,-0.01383,0.005971,15001,40000
"delta.centred[13,12]",-0.01563,0.01055,8.28E-05,-0.03632,-0.01561,0.005106,15001,40000
"delta.centred[14,1]",0.04797,0.01298,9.88E-05,0.0225,0.048,0.07319,15001,40000
"delta.centred[14,2]",0.04315,0.01215,9.09E-05,0.01909,0.04318,0.06655,15001,40000
"delta.centred[14,3]",-0.01603,0.01578,1.32E-04,-0.04702,-0.01617,0.01492,15001,40000
"delta.centred[14,4]",-0.003511,0.01563,1.29E-04,-0.03445,-0.003526,0.02688,15001,40000
"delta.centred[14,5]",0.03103,0.01583,1.30E-04,1.03E-04,0.03104,0.06249,15001,40000
"delta.centred[14,6]",-0.03462,0.01477,1.24E-04,-0.06361,-0.03469,-0.005572,15001,40000
"delta.centred[14,7]",-0.03082,0.01388,1.07E-04,-0.05827,-0.03086,-0.003517,15001,40000
"delta.centred[14,8]",-0.03661,0.01375,1.06E-04,-0.0637,-0.03662,-0.009664,15001,40000
"delta.centred[14,9]",-0.03555,0.01355,1.17E-04,-0.0621,-0.0355,-0.009159,15001,40000
"delta.centred[14,10]",-0.0159,0.01324,9.95E-05,-0.04201,-0.01586,0.009657,15001,40000
"delta.centred[14,11]",0.01906,0.01279,9.76E-05,-0.006058,0.01908,0.04414,15001,40000
"delta.centred[14,12]",0.03183,0.01329,1.01E-04,0.005619,0.03192,0.05775,15001,40000
"delta.centred[15,1]",6.82E-04,0.01251,9.46E-05,-0.02366,5.94E-04,0.02549,15001,40000
"delta.centred[15,2]",0.06848,0.01172,9.60E-05,0.04543,0.06846,0.09155,15001,40000
"delta.centred[15,3]",-0.08829,0.01611,1.35E-04,-0.1201,-0.08807,-0.05719,15001,40000
"delta.centred[15,4]",-0.0689,0.01617,1.27E-04,-0.1009,-0.0688,-0.03738,15001,40000
"delta.centred[15,5]",-0.05649,0.0163,1.27E-04,-0.08828,-0.0564,-0.02466,15001,40000
"delta.centred[15,6]",-0.07722,0.01502,1.21E-04,-0.107,-0.07718,-0.04809,15001,40000
"delta.centred[15,7]",-0.01065,0.01365,1.07E-04,-0.03743,-0.01055,0.01607,15001,40000
"delta.centred[15,8]",0.1082,0.0129,9.98E-05,0.08282,0.1082,0.1333,15001,40000
"delta.centred[15,9]",0.05992,0.01281,9.68E-05,0.03467,0.05989,0.0851,15001,40000
"delta.centred[15,10]",0.06191,0.01249,9.22E-05,0.03733,0.06195,0.08616,15001,40000
"delta.centred[15,11]",0.02668,0.01235,9.83E-05,0.002361,0.02668,0.05081,15001,40000
"delta.centred[15,12]",-0.02432,0.01298,9.98E-05,-0.04966,-0.0243,0.001162,15001,40000
"delta.centred[16,1]",-0.01868,0.01063,8.46E-05,-0.03929,-0.01871,0.00205,15001,40000
"delta.centred[16,2]",-0.02997,0.01039,8.79E-05,-0.05039,-0.02989,-0.009834,15001,40000
"delta.centred[16,3]",0.0692,0.01295,1.01E-04,0.04371,0.06914,0.09458,15001,40000
"delta.centred[16,4]",0.006587,0.01317,1.06E-04,-0.01937,0.006608,0.03225,15001,40000
"delta.centred[16,5]",0.01043,0.01337,1.07E-04,-0.01547,0.01038,0.03667,15001,40000
"delta.centred[16,6]",0.05271,0.01208,9.61E-05,0.029,0.05276,0.07631,15001,40000
"delta.centred[16,7]",0.006913,0.01162,9.43E-05,-0.01586,0.006988,0.02961,15001,40000
"delta.centred[16,8]",-0.007137,0.01135,9.53E-05,-0.02924,-0.007091,0.01496,15001,40000
"delta.centred[16,9]",-0.04171,0.01121,9.04E-05,-0.0638,-0.04168,-0.0197,15001,40000
"delta.centred[16,10]",-0.05179,0.01094,8.35E-05,-0.07332,-0.05179,-0.03042,15001,40000
"delta.centred[16,11]",-0.01041,0.01065,8.16E-05,-0.03135,-0.01042,0.01037,15001,40000
"delta.centred[16,12]",0.01385,0.01079,8.63E-05,-0.007468,0.01391,0.03491,15001,40000
"delta.centred[17,1]",0.01047,0.0104,7.59E-05,-0.009803,0.01039,0.03089,15001,40000
"delta.centred[17,2]",0.01775,0.00997,7.61E-05,-0.001876,0.01776,0.03728,15001,40000
"delta.centred[17,3]",0.03951,0.01251,9.82E-05,0.015,0.03948,0.06398,15001,40000
"delta.centred[17,4]",0.04865,0.0126,1.08E-04,0.02364,0.04865,0.07324,15001,40000
"delta.centred[17,5]",0.0148,0.01302,1.04E-04,-0.01067,0.01495,0.04005,15001,40000
"delta.centred[17,6]",-0.0435,0.01205,9.12E-05,-0.06736,-0.04351,-0.01973,15001,40000
"delta.centred[17,7]",-0.03185,0.01139,8.66E-05,-0.05422,-0.03179,-0.009635,15001,40000
"delta.centred[17,8]",-0.05195,0.01121,8.64E-05,-0.07395,-0.05184,-0.02986,15001,40000
"delta.centred[17,9]",-0.0286,0.01085,8.70E-05,-0.04974,-0.02855,-0.007425,15001,40000
"delta.centred[17,10]",-0.005371,0.0106,7.92E-05,-0.0262,-0.005274,0.01537,15001,40000
"delta.centred[17,11]",0.003532,0.01032,7.81E-05,-0.01685,0.003546,0.02358,15001,40000
"delta.centred[17,12]",0.02656,0.01055,9.19E-05,0.005898,0.02656,0.04731,15001,40000
"delta.centred[18,1]",-0.07933,0.01144,9.08E-05,-0.1017,-0.07932,-0.05698,15001,40000
"delta.centred[18,2]",-0.03403,0.01087,8.27E-05,-0.05527,-0.03398,-0.01265,15001,40000
"delta.centred[18,3]",0.0132,0.01353,1.08E-04,-0.0134,0.01325,0.03976,15001,40000
"delta.centred[18,4]",0.05305,0.0135,9.96E-05,0.02623,0.05298,0.07927,15001,40000
"delta.centred[18,5]",0.0486,0.01375,1.10E-04,0.02164,0.04864,0.07558,15001,40000
"delta.centred[18,6]",0.07359,0.01237,9.40E-05,0.04938,0.07363,0.09793,15001,40000
"delta.centred[18,7]",0.05248,0.01171,9.55E-05,0.02944,0.05254,0.07531,15001,40000
"delta.centred[18,8]",0.03822,0.01157,9.29E-05,0.01512,0.03826,0.06056,15001,40000
"delta.centred[18,9]",0.01404,0.01131,8.13E-05,-0.008385,0.0141,0.03595,15001,40000
"delta.centred[18,10]",0.002263,0.01119,8.95E-05,-0.01967,0.002287,0.02401,15001,40000
"delta.centred[18,11]",-0.07036,0.01133,8.54E-05,-0.09241,-0.07043,-0.048,15001,40000
"delta.centred[18,12]",-0.1117,0.01191,9.14E-05,-0.1352,-0.1117,-0.08844,15001,40000
"delta.centred[19,1]",-0.01683,0.01406,1.14E-04,-0.04472,-0.01681,0.0107,15001,40000
"delta.centred[19,2]",-0.01087,0.01325,1.11E-04,-0.03687,-0.0108,0.015,15001,40000
"delta.centred[19,3]",0.01263,0.01678,1.25E-04,-0.02028,0.01277,0.04536,15001,40000
"delta.centred[19,4]",-0.05522,0.01718,1.52E-04,-0.08892,-0.05528,-0.02159,15001,40000
"delta.centred[19,5]",-0.06074,0.01755,1.48E-04,-0.09542,-0.06056,-0.02679,15001,40000
"delta.centred[19,6]",0.01405,0.01565,1.13E-04,-0.01705,0.01422,0.04432,15001,40000
"delta.centred[19,7]",0.02709,0.01472,1.12E-04,-0.001765,0.02708,0.05594,15001,40000
"delta.centred[19,8]",-0.01222,0.01457,1.22E-04,-0.0409,-0.01209,0.01606,15001,40000
"delta.centred[19,9]",0.04193,0.01417,1.17E-04,0.01401,0.04197,0.06974,15001,40000
"delta.centred[19,10]",0.06132,0.01372,1.13E-04,0.03459,0.06127,0.08825,15001,40000
"delta.centred[19,11]",0.03613,0.01365,1.24E-04,0.009318,0.03611,0.06303,15001,40000
"delta.centred[19,12]",-0.03727,0.01442,1.09E-04,-0.06564,-0.03715,-0.009268,15001,40000
"delta.centred[20,1]",0.04755,0.01497,1.14E-04,0.01808,0.04748,0.0766,15001,40000
"delta.centred[20,2]",0.01621,0.01418,1.11E-04,-0.01147,0.01624,0.04388,15001,40000
"delta.centred[20,3]",0.03054,0.01764,1.38E-04,-0.0035,0.03049,0.06537,15001,40000
"delta.centred[20,4]",0.03077,0.01751,1.44E-04,-0.003595,0.03085,0.06502,15001,40000
"delta.centred[20,5]",-0.04081,0.01822,1.50E-04,-0.07642,-0.04081,-0.005121,15001,40000
"delta.centred[20,6]",-0.1043,0.01732,1.44E-04,-0.1381,-0.1042,-0.07076,15001,40000
"delta.centred[20,7]",-0.05355,0.01599,1.29E-04,-0.08489,-0.05345,-0.02214,15001,40000
"delta.centred[20,8]",-0.07079,0.01588,1.34E-04,-0.1023,-0.07069,-0.03978,15001,40000
"delta.centred[20,9]",-0.01125,0.01531,1.30E-04,-0.04129,-0.01125,0.01882,15001,40000
"delta.centred[20,10]",0.04772,0.01479,1.32E-04,0.01874,0.04779,0.07669,15001,40000
"delta.centred[20,11]",0.0578,0.01425,1.13E-04,0.02968,0.05779,0.08582,15001,40000
"delta.centred[20,12]",0.05011,0.0153,1.20E-04,0.01963,0.05021,0.07991,15001,40000
"delta.centred[21,1]",-0.05973,0.009554,7.00E-05,-0.07855,-0.05967,-0.04124,15001,40000
"delta.centred[21,2]",-0.08123,0.009225,7.53E-05,-0.09948,-0.08118,-0.06333,15001,40000
"delta.centred[21,3]",0.06873,0.01119,8.39E-05,0.04666,0.06876,0.09048,15001,40000
"delta.centred[21,4]",0.05418,0.01122,8.24E-05,0.03228,0.05415,0.07606,15001,40000
"delta.centred[21,5]",0.0614,0.01128,8.35E-05,0.03955,0.06131,0.08378,15001,40000
"delta.centred[21,6]",0.08071,0.01026,7.83E-05,0.06053,0.08078,0.1007,15001,40000
"delta.centred[21,7]",0.06677,0.009643,7.41E-05,0.0478,0.06674,0.08588,15001,40000
"delta.centred[21,8]",0.02278,0.009649,7.86E-05,0.00396,0.02274,0.04178,15001,40000
"delta.centred[21,9]",-0.01441,0.009488,7.44E-05,-0.03319,-0.0144,0.004231,15001,40000
"delta.centred[21,10]",-0.0607,0.00962,6.93E-05,-0.07949,-0.06073,-0.04199,15001,40000
"delta.centred[21,11]",-0.05497,0.009361,7.69E-05,-0.07344,-0.05485,-0.03671,15001,40000
"delta.centred[21,12]",-0.08354,0.009755,7.81E-05,-0.1025,-0.08353,-0.06439,15001,40000
"delta.centred[22,1]",-0.06904,0.01033,8.37E-05,-0.08951,-0.06897,-0.04879,15001,40000
"delta.centred[22,2]",-0.04225,0.009874,7.10E-05,-0.06166,-0.04216,-0.02317,15001,40000
"delta.centred[22,3]",0.0833,0.0122,9.54E-05,0.0592,0.08335,0.107,15001,40000
"delta.centred[22,4]",0.02879,0.01245,9.85E-05,0.004134,0.02886,0.05287,15001,40000
"delta.centred[22,5]",0.05599,0.01246,1.05E-04,0.03132,0.05602,0.08028,15001,40000
"delta.centred[22,6]",0.002312,0.01159,8.38E-05,-0.0201,0.002295,0.02506,15001,40000
"delta.centred[22,7]",0.01065,0.01093,8.42E-05,-0.01081,0.01076,0.03203,15001,40000
"delta.centred[22,8]",0.001233,0.01065,8.54E-05,-0.0196,0.001268,0.02203,15001,40000
"delta.centred[22,9]",-0.0128,0.01043,8.22E-05,-0.03312,-0.01283,0.007669,15001,40000
"delta.centred[22,10]",-0.05147,0.01041,7.78E-05,-0.07219,-0.05146,-0.03129,15001,40000
"delta.centred[22,11]",-3.01E-04,0.01007,7.38E-05,-0.02021,-2.60E-04,0.0193,15001,40000
"delta.centred[22,12]",-0.006408,0.01016,7.72E-05,-0.02634,-0.006373,0.01355,15001,40000
"delta.centred[23,1]",0.02296,0.01392,1.11E-04,-0.004365,0.02315,0.04998,15001,40000
"delta.centred[23,2]",0.01814,0.01299,1.09E-04,-0.007318,0.01811,0.04359,15001,40000
"delta.centred[23,3]",-0.04288,0.01638,1.39E-04,-0.07558,-0.04281,-0.01091,15001,40000
"delta.centred[23,4]",-0.02603,0.01623,1.30E-04,-0.05838,-0.02587,0.00551,15001,40000
"delta.centred[23,5]",-0.04298,0.01661,1.45E-04,-0.07572,-0.043,-0.01068,15001,40000
"delta.centred[23,6]",-0.04412,0.01526,1.26E-04,-0.07407,-0.04422,-0.01402,15001,40000
"delta.centred[23,7]",0.02394,0.01424,1.09E-04,-0.004151,0.02402,0.05166,15001,40000
"delta.centred[23,8]",0.003047,0.0142,1.11E-04,-0.02466,0.00307,0.03068,15001,40000
"delta.centred[23,9]",0.01561,0.01379,1.22E-04,-0.01168,0.01569,0.04238,15001,40000
"delta.centred[23,10]",-0.007929,0.01362,1.12E-04,-0.03474,-0.008033,0.01877,15001,40000
"delta.centred[23,11]",0.01655,0.01334,1.14E-04,-0.009871,0.01657,0.04218,15001,40000
"delta.centred[23,12]",0.0637,0.01387,1.16E-04,0.0367,0.0637,0.09059,15001,40000
"delta.centred[24,1]",-0.01534,0.009334,7.22E-05,-0.03384,-0.01533,0.003092,15001,40000
"delta.centred[24,2]",-0.02457,0.009102,7.02E-05,-0.04217,-0.02459,-0.00669,15001,40000
"delta.centred[24,3]",-0.02304,0.01159,9.70E-05,-0.04571,-0.02304,-2.91E-04,15001,40000
"delta.centred[24,4]",0.04987,0.01123,8.70E-05,0.02784,0.04988,0.07174,15001,40000
"delta.centred[24,5]",0.03412,0.01149,9.00E-05,0.01154,0.03418,0.05669,15001,40000
"delta.centred[24,6]",0.03857,0.01048,8.34E-05,0.01785,0.03861,0.05911,15001,40000
"delta.centred[24,7]",0.03017,0.009955,8.02E-05,0.01075,0.03015,0.04972,15001,40000
"delta.centred[24,8]",0.002459,0.009813,8.10E-05,-0.01686,0.002443,0.02174,15001,40000
"delta.centred[24,9]",0.005324,0.009614,7.51E-05,-0.01345,0.005355,0.0241,15001,40000
"delta.centred[24,10]",-0.01377,0.009406,6.63E-05,-0.03223,-0.0138,0.004722,15001,40000
"delta.centred[24,11]",-0.04561,0.009417,6.82E-05,-0.06401,-0.04554,-0.02708,15001,40000
"delta.centred[24,12]",-0.03817,0.009731,7.61E-05,-0.05729,-0.03807,-0.01916,15001,40000
"delta.centred[25,1]",0.1003,0.01085,7.87E-05,0.07899,0.1003,0.1213,15001,40000
"delta.centred[25,2]",0.05487,0.01054,8.27E-05,0.0342,0.0549,0.07553,15001,40000
"delta.centred[25,3]",-0.166,0.01476,1.16E-04,-0.1956,-0.1659,-0.1376,15001,40000
"delta.centred[25,4]",-0.05134,0.01401,1.07E-04,-0.0788,-0.05129,-0.02419,15001,40000
"delta.centred[25,5]",0.03029,0.01399,1.13E-04,0.002748,0.03043,0.05728,15001,40000
"delta.centred[25,6]",0.0656,0.01243,9.83E-05,0.04118,0.06561,0.08981,15001,40000
"delta.centred[25,7]",-0.02465,0.01222,9.53E-05,-0.04872,-0.02453,-7.36E-04,15001,40000
"delta.centred[25,8]",-0.01005,0.01177,8.92E-05,-0.03301,-0.01012,0.01298,15001,40000
"delta.centred[25,9]",-0.01749,0.01177,9.73E-05,-0.04041,-0.01752,0.005477,15001,40000
"delta.centred[25,10]",0.01278,0.01129,9.14E-05,-0.009303,0.01275,0.03512,15001,40000
"delta.centred[25,11]",-0.02138,0.0112,8.73E-05,-0.04353,-0.02135,5.07E-04,15001,40000
"delta.centred[25,12]",0.02712,0.01126,8.65E-05,0.005104,0.02712,0.04918,15001,40000
"delta.centred[26,1]",-0.02214,0.01644,1.30E-04,-0.05394,-0.02217,0.01037,15001,40000
"delta.centred[26,2]",-0.04331,0.01563,1.26E-04,-0.07402,-0.04323,-0.01279,15001,40000
"delta.centred[26,3]",-0.04957,0.0196,1.73E-04,-0.08827,-0.04942,-0.01161,15001,40000
"delta.centred[26,4]",0.001899,0.01921,1.62E-04,-0.0358,0.001842,0.0397,15001,40000
"delta.centred[26,5]",-0.02545,0.01954,1.68E-04,-0.06358,-0.02543,0.01307,15001,40000
"delta.centred[26,6]",-0.01599,0.01808,1.45E-04,-0.05175,-0.01586,0.01947,15001,40000
"delta.centred[26,7]",-0.003259,0.01702,1.38E-04,-0.03658,-0.003255,0.03003,15001,40000
"delta.centred[26,8]",0.004621,0.01687,1.36E-04,-0.02833,0.004621,0.0377,15001,40000
"delta.centred[26,9]",0.0443,0.01614,1.27E-04,0.01276,0.04425,0.07588,15001,40000
"delta.centred[26,10]",0.04534,0.01599,1.28E-04,0.01398,0.04533,0.07681,15001,40000
"delta.centred[26,11]",0.0205,0.01592,1.39E-04,-0.01076,0.02054,0.05162,15001,40000
"delta.centred[26,12]",0.04305,0.01642,1.39E-04,0.01067,0.04314,0.0753,15001,40000
"delta.centred[27,1]",-0.1113,0.01017,7.59E-05,-0.1314,-0.1113,-0.09132,15001,40000
"delta.centred[27,2]",-0.1361,0.01005,7.45E-05,-0.1558,-0.1359,-0.1165,15001,40000
"delta.centred[27,3]",0.09895,0.01183,9.08E-05,0.07595,0.09891,0.1222,15001,40000
"delta.centred[27,4]",0.07072,0.01198,9.36E-05,0.04719,0.07073,0.09441,15001,40000
"delta.centred[27,5]",0.07032,0.01215,9.56E-05,0.04645,0.07043,0.09398,15001,40000
"delta.centred[27,6]",0.04914,0.01121,8.39E-05,0.0271,0.0492,0.0711,15001,40000
"delta.centred[27,7]",0.01483,0.01052,8.16E-05,-0.005886,0.01484,0.03539,15001,40000
"delta.centred[27,8]",0.006386,0.01042,8.05E-05,-0.01403,0.006389,0.02685,15001,40000
"delta.centred[27,9]",-0.02375,0.01035,7.58E-05,-0.04408,-0.02368,-0.003455,15001,40000
"delta.centred[27,10]",0.01787,0.009862,7.66E-05,-0.001406,0.01789,0.03713,15001,40000
"delta.centred[27,11]",0.003838,0.009764,7.30E-05,-0.01531,0.003875,0.02294,15001,40000
"delta.centred[27,12]",-0.06093,0.01021,7.82E-05,-0.08106,-0.06082,-0.04083,15001,40000
"delta.centred[28,1]",0.06574,0.01385,1.08E-04,0.03896,0.06575,0.09312,15001,40000
"delta.centred[28,2]",0.009554,0.01363,1.08E-04,-0.01719,0.009588,0.03611,15001,40000
"delta.centred[28,3]",-0.06089,0.01742,1.50E-04,-0.09516,-0.06083,-0.02656,15001,40000
"delta.centred[28,4]",0.0206,0.01706,1.39E-04,-0.01309,0.02057,0.0538,15001,40000
"delta.centred[28,5]",-0.04466,0.01755,1.54E-04,-0.07908,-0.0447,-0.01005,15001,40000
"delta.centred[28,6]",-0.01962,0.01603,1.34E-04,-0.05136,-0.01959,0.01138,15001,40000
"delta.centred[28,7]",-0.01018,0.01516,1.25E-04,-0.03998,-0.01013,0.01948,15001,40000
"delta.centred[28,8]",-0.06497,0.01514,1.22E-04,-0.09447,-0.06498,-0.03493,15001,40000
"delta.centred[28,9]",-0.01008,0.01474,1.13E-04,-0.03921,-0.01006,0.01864,15001,40000
"delta.centred[28,10]",-0.02022,0.01445,1.15E-04,-0.04851,-0.02017,0.008132,15001,40000
"delta.centred[28,11]",0.06863,0.01372,1.08E-04,0.04186,0.06864,0.09554,15001,40000
"delta.centred[28,12]",0.06611,0.01432,1.12E-04,0.0379,0.06616,0.09386,15001,40000
"delta.centred[29,1]",0.01461,0.009715,7.83E-05,-0.004399,0.01463,0.03361,15001,40000
"delta.centred[29,2]",0.01252,0.009476,7.69E-05,-0.006137,0.0125,0.03127,15001,40000
"delta.centred[29,3]",-0.06868,0.01272,1.04E-04,-0.09372,-0.06875,-0.04386,15001,40000
"delta.centred[29,4]",0.07487,0.0121,9.41E-05,0.05116,0.0748,0.09842,15001,40000
"delta.centred[29,5]",0.07481,0.01231,9.24E-05,0.05074,0.07479,0.09899,15001,40000
"delta.centred[29,6]",0.02499,0.01142,9.44E-05,0.002317,0.02505,0.04732,15001,40000
"delta.centred[29,7]",0.002815,0.01073,7.54E-05,-0.01819,0.002832,0.02382,15001,40000
"delta.centred[29,8]",-0.009368,0.01053,8.79E-05,-0.02993,-0.009303,0.01111,15001,40000
"delta.centred[29,9]",-0.03114,0.01035,7.98E-05,-0.05153,-0.03111,-0.01114,15001,40000
"delta.centred[29,10]",-0.001662,0.01004,8.30E-05,-0.02152,-0.00157,0.01768,15001,40000
"delta.centred[29,11]",-0.04491,0.01008,7.68E-05,-0.06465,-0.04493,-0.02523,15001,40000
"delta.centred[29,12]",-0.04885,0.01018,8.22E-05,-0.06877,-0.04884,-0.02881,15001,40000
"delta.centred[30,1]",-0.08175,0.01114,8.75E-05,-0.1037,-0.08176,-0.05989,15001,40000
"delta.centred[30,2]",-0.08957,0.01078,8.39E-05,-0.1109,-0.08954,-0.06866,15001,40000
"delta.centred[30,3]",0.06087,0.01298,9.36E-05,0.03543,0.06087,0.08629,15001,40000
"delta.centred[30,4]",0.08353,0.01264,1.08E-04,0.05907,0.08349,0.1083,15001,40000
"delta.centred[30,5]",0.1378,0.01279,9.26E-05,0.1127,0.1378,0.1629,15001,40000
"delta.centred[30,6]",0.07398,0.0118,8.89E-05,0.05078,0.07396,0.09721,15001,40000
"delta.centred[30,7]",0.0263,0.01128,8.49E-05,0.004339,0.02627,0.04839,15001,40000
"delta.centred[30,8]",0.03361,0.01119,8.93E-05,0.01171,0.03355,0.05543,15001,40000
"delta.centred[30,9]",-0.03561,0.01118,8.80E-05,-0.05754,-0.03561,-0.01396,15001,40000
"delta.centred[30,10]",-0.03873,0.01098,8.59E-05,-0.06028,-0.0387,-0.01737,15001,40000
"delta.centred[30,11]",-0.1198,0.01101,8.76E-05,-0.1414,-0.1197,-0.09843,15001,40000
"delta.centred[30,12]",-0.05072,0.01132,9.34E-05,-0.07304,-0.05056,-0.02873,15001,40000
"delta.centred[31,1]",0.07073,0.01073,8.10E-05,0.04968,0.07077,0.09183,15001,40000
"delta.centred[31,2]",0.007636,0.01062,8.35E-05,-0.01301,0.007641,0.02864,15001,40000
"delta.centred[31,3]",-0.07417,0.01396,1.17E-04,-0.1013,-0.07421,-0.0466,15001,40000
"delta.centred[31,4]",-0.08131,0.0139,1.14E-04,-0.1089,-0.08126,-0.05424,15001,40000
"delta.centred[31,5]",-0.07179,0.01415,1.10E-04,-0.09966,-0.07174,-0.04402,15001,40000
"delta.centred[31,6]",-0.01062,0.01271,9.30E-05,-0.03561,-0.01061,0.01434,15001,40000
"delta.centred[31,7]",0.0506,0.01168,8.91E-05,0.02792,0.05063,0.0735,15001,40000
"delta.centred[31,8]",-0.00639,0.01158,9.09E-05,-0.02924,-0.006428,0.0163,15001,40000
"delta.centred[31,9]",0.02054,0.01134,8.70E-05,-0.001806,0.02069,0.04248,15001,40000
"delta.centred[31,10]",0.0467,0.011,8.65E-05,0.02523,0.04668,0.06828,15001,40000
"delta.centred[31,11]",0.006144,0.01088,8.09E-05,-0.01512,0.006176,0.02748,15001,40000
"delta.centred[31,12]",0.04192,0.01117,8.54E-05,0.02011,0.04192,0.06356,15001,40000
"delta.centred[32,1]",-0.057,0.009241,7.54E-05,-0.0751,-0.057,-0.03885,15001,40000
"delta.centred[32,2]",0.02681,0.008722,6.61E-05,0.009593,0.02682,0.04399,15001,40000
"delta.centred[32,3]",0.1548,0.01074,8.11E-05,0.1337,0.1548,0.1758,15001,40000
"delta.centred[32,4]",0.001921,0.01151,9.17E-05,-0.02071,0.001965,0.02459,15001,40000
"delta.centred[32,5]",-0.02421,0.01182,9.71E-05,-0.04756,-0.02414,-0.001124,15001,40000
"delta.centred[32,6]",-0.03208,0.01077,8.63E-05,-0.05328,-0.03205,-0.01103,15001,40000
"delta.centred[32,7]",-0.04145,0.0102,8.12E-05,-0.0616,-0.04144,-0.02169,15001,40000
"delta.centred[32,8]",-0.02912,0.009796,7.60E-05,-0.04849,-0.02914,-0.009943,15001,40000
"delta.centred[32,9]",0.04916,0.009398,7.05E-05,0.03074,0.0491,0.06774,15001,40000
"delta.centred[32,10]",0.03619,0.009211,7.33E-05,0.01806,0.03619,0.05428,15001,40000
"delta.centred[32,11]",0.05663,0.00898,7.05E-05,0.0389,0.05669,0.07427,15001,40000
"delta.centred[32,12]",-0.1416,0.009849,7.34E-05,-0.1609,-0.1417,-0.1225,15001,40000
deviance,4420,30.02,0.2643,4364,4419,4481,15001,40000
london.average,21.42,0.02294,3.29E-04,21.38,21.42,21.47,15001,40000
sigma.S,0.3227,0.1061,0.00291,0.08429,0.3366,0.5052,15001,40000
sigma.U,0.1309,0.0664,0.001935,0.02381,0.1258,0.2662,15001,40000
sigma.delta,0.09339,0.00409,2.98E-05,0.08576,0.09327,0.1017,15001,40000
sigma.v,0.2373,0.06044,3.55E-04,0.1525,0.2264,0.3859,15001,40000
spatial.RR[1],1.15,0.05267,5.22E-04,1.049,1.148,1.26,15001,40000
spatial.RR[2],0.7201,0.03296,3.26E-04,0.657,0.719,0.7888,15001,40000
spatial.RR[3],0.7564,0.03471,3.42E-04,0.69,0.7553,0.8285,15001,40000
spatial.RR[4],1.08,0.04941,4.90E-04,0.986,1.079,1.183,15001,40000
spatial.RR[5],0.7832,0.03582,3.56E-04,0.7148,0.7823,0.8578,15001,40000
spatial.RR[6],1.327,0.06071,5.98E-04,1.211,1.326,1.453,15001,40000
spatial.RR[7],1.059,0.04845,4.80E-04,0.9662,1.058,1.16,15001,40000
spatial.RR[8],1.016,0.04647,4.57E-04,0.9271,1.014,1.113,15001,40000
spatial.RR[9],0.9182,0.04202,4.16E-04,0.8376,0.917,1.005,15001,40000
spatial.RR[10],1.145,0.05242,5.19E-04,1.045,1.143,1.254,15001,40000
spatial.RR[11],1.277,0.05841,5.77E-04,1.165,1.275,1.398,15001,40000
spatial.RR[12],1.203,0.05513,5.41E-04,1.097,1.201,1.317,15001,40000
spatial.RR[13],1.183,0.05414,5.34E-04,1.08,1.182,1.296,15001,40000
spatial.RR[14],0.7089,0.03254,3.23E-04,0.6466,0.7079,0.7765,15001,40000
spatial.RR[15],0.8177,0.03748,3.70E-04,0.7458,0.8166,0.8952,15001,40000
spatial.RR[16],0.9845,0.04507,4.46E-04,0.8981,0.9831,1.078,15001,40000
spatial.RR[17],1.064,0.04871,4.82E-04,0.9712,1.063,1.166,15001,40000
spatial.RR[18],1.276,0.05842,5.76E-04,1.164,1.274,1.397,15001,40000
spatial.RR[19],1.158,0.05312,5.30E-04,1.057,1.157,1.269,15001,40000
spatial.RR[20],0.7862,0.03603,3.53E-04,0.7171,0.7851,0.8616,15001,40000
spatial.RR[21],1.237,0.05656,5.58E-04,1.128,1.235,1.355,15001,40000
spatial.RR[22],1.141,0.05224,5.18E-04,1.041,1.139,1.25,15001,40000
spatial.RR[23],0.7329,0.03363,3.34E-04,0.6685,0.732,0.803,15001,40000
spatial.RR[24],1.11,0.05077,4.99E-04,1.012,1.108,1.216,15001,40000
spatial.RR[25],0.8409,0.03849,3.80E-04,0.7671,0.8397,0.9208,15001,40000
spatial.RR[26],0.6012,0.02768,2.73E-04,0.5481,0.6004,0.6588,15001,40000
spatial.RR[27],1.173,0.05367,5.31E-04,1.069,1.171,1.284,15001,40000
spatial.RR[28],0.7546,0.0346,3.40E-04,0.688,0.7536,0.8265,15001,40000
spatial.RR[29],1.178,0.0539,5.36E-04,1.074,1.176,1.29,15001,40000
spatial.RR[30],1.012,0.04629,4.59E-04,0.9229,1.01,1.108,15001,40000
spatial.RR[31],0.8193,0.03753,3.70E-04,0.7474,0.8181,0.8975,15001,40000
spatial.RR[32],2.059,0.09427,9.30E-04,1.879,2.056,2.255,15001,40000
temporal.RR[1],1.293,0.002831,2.86E-05,1.287,1.293,1.298,15001,40000
temporal.RR[2],1.329,0.002905,2.67E-05,1.324,1.329,1.335,15001,40000
temporal.RR[3],0.714,0.002008,1.80E-05,0.71,0.714,0.7179,15001,40000
temporal.RR[4],0.7039,0.00197,1.81E-05,0.7001,0.7039,0.7078,15001,40000
temporal.RR[5],0.6764,0.001914,1.66E-05,0.6727,0.6765,0.6802,15001,40000
temporal.RR[6],0.8462,0.002187,1.96E-05,0.8419,0.8462,0.8505,15001,40000
temporal.RR[7],0.9935,0.002405,2.00E-05,0.9888,0.9935,0.9983,15001,40000
temporal.RR[8],1.051,0.002493,2.22E-05,1.047,1.051,1.056,15001,40000
temporal.RR[9],1.105,0.00257,2.28E-05,1.1,1.105,1.11,15001,40000
temporal.RR[10],1.167,0.002631,2.19E-05,1.162,1.167,1.173,15001,40000
temporal.RR[11],1.229,0.00275,2.43E-05,1.224,1.229,1.234,15001,40000
temporal.RR[12],1.222,0.002741,2.48E-05,1.216,1.222,1.227,15001,40000
"theta[1,1]",0.0315,3.73E-04,2.82E-06,0.03077,0.03151,0.03224,15001,40000
"theta[1,2]",0.03291,3.73E-04,2.79E-06,0.03219,0.03291,0.03365,15001,40000
"theta[1,3]",0.01641,2.56E-04,2.17E-06,0.01592,0.01641,0.01692,15001,40000
"theta[1,4]",0.01556,2.47E-04,2.07E-06,0.01508,0.01556,0.01604,15001,40000
"theta[1,5]",0.01575,2.48E-04,2.03E-06,0.01527,0.01575,0.01624,15001,40000
"theta[1,6]",0.01998,2.84E-04,2.23E-06,0.01943,0.01998,0.02054,15001,40000
"theta[1,7]",0.02314,3.10E-04,2.56E-06,0.02254,0.02314,0.02375,15001,40000
"theta[1,8]",0.02441,3.17E-04,2.42E-06,0.02379,0.0244,0.02503,15001,40000
"theta[1,9]",0.0244,3.19E-04,2.62E-06,0.02378,0.02439,0.02503,15001,40000
"theta[1,10]",0.02553,3.25E-04,2.58E-06,0.0249,0.02553,0.02618,15001,40000
"theta[1,11]",0.02814,3.45E-04,2.70E-06,0.02746,0.02814,0.02882,15001,40000
"theta[1,12]",0.02937,3.61E-04,2.70E-06,0.02866,0.02936,0.03008,15001,40000
"theta[2,1]",0.02015,2.20E-04,1.70E-06,0.01972,0.02015,0.02059,15001,40000
"theta[2,2]",0.01992,2.14E-04,1.71E-06,0.01951,0.01993,0.02035,15001,40000
"theta[2,3]",0.009399,1.39E-04,1.17E-06,0.00913,0.009398,0.009672,15001,40000
"theta[2,4]",0.008862,1.35E-04,1.22E-06,0.008601,0.008862,0.009129,15001,40000
"theta[2,5]",0.009273,1.37E-04,1.13E-06,0.009008,0.009272,0.009544,15001,40000
"theta[2,6]",0.01225,1.63E-04,1.26E-06,0.01194,0.01225,0.01257,15001,40000
"theta[2,7]",0.01459,1.80E-04,1.46E-06,0.01423,0.01459,0.01494,15001,40000
"theta[2,8]",0.01577,1.87E-04,1.39E-06,0.0154,0.01577,0.01614,15001,40000
"theta[2,9]",0.0163,1.91E-04,1.46E-06,0.01592,0.0163,0.01667,15001,40000
"theta[2,10]",0.01712,1.97E-04,1.62E-06,0.01673,0.01712,0.0175,15001,40000
"theta[2,11]",0.01887,2.07E-04,1.52E-06,0.01847,0.01887,0.01927,15001,40000
"theta[2,12]",0.01913,2.15E-04,1.62E-06,0.01872,0.01913,0.01956,15001,40000
"theta[3,1]",0.02175,2.90E-04,2.35E-06,0.02119,0.02175,0.02232,15001,40000
"theta[3,2]",0.02313,3.00E-04,2.41E-06,0.02255,0.02313,0.02372,15001,40000
"theta[3,3]",0.01008,1.86E-04,1.54E-06,0.009716,0.01007,0.01045,15001,40000
"theta[3,4]",0.009755,1.84E-04,1.62E-06,0.009398,0.009754,0.01012,15001,40000
"theta[3,5]",0.009539,1.81E-04,1.41E-06,0.009189,0.009538,0.009897,15001,40000
"theta[3,6]",0.01172,2.05E-04,1.69E-06,0.01132,0.01172,0.01213,15001,40000
"theta[3,7]",0.01357,2.22E-04,1.85E-06,0.01314,0.01357,0.01401,15001,40000
"theta[3,8]",0.01542,2.38E-04,1.99E-06,0.01496,0.01542,0.01589,15001,40000
"theta[3,9]",0.01682,2.53E-04,2.00E-06,0.01633,0.01682,0.01732,15001,40000
"theta[3,10]",0.0177,2.56E-04,2.20E-06,0.0172,0.0177,0.0182,15001,40000
"theta[3,11]",0.02144,2.87E-04,2.21E-06,0.02088,0.02143,0.02201,15001,40000
"theta[3,12]",0.02154,2.91E-04,2.00E-06,0.02098,0.02154,0.02212,15001,40000
"theta[4,1]",0.02681,2.73E-04,2.06E-06,0.02627,0.02682,0.02735,15001,40000
"theta[4,2]",0.02893,2.77E-04,2.21E-06,0.02839,0.02893,0.02947,15001,40000
"theta[4,3]",0.01701,2.02E-04,1.64E-06,0.01662,0.01701,0.01741,15001,40000
"theta[4,4]",0.01553,1.92E-04,1.58E-06,0.01516,0.01553,0.01591,15001,40000
"theta[4,5]",0.01468,1.87E-04,1.60E-06,0.01432,0.01468,0.01506,15001,40000
"theta[4,6]",0.01882,2.14E-04,1.55E-06,0.0184,0.01882,0.01924,15001,40000
"theta[4,7]",0.02098,2.29E-04,1.79E-06,0.02053,0.02098,0.02143,15001,40000
"theta[4,8]",0.02277,2.40E-04,1.79E-06,0.0223,0.02277,0.02325,15001,40000
"theta[4,9]",0.02436,2.50E-04,1.95E-06,0.02388,0.02436,0.02486,15001,40000
"theta[4,10]",0.02555,2.57E-04,2.09E-06,0.02506,0.02555,0.02606,15001,40000
"theta[4,11]",0.026,2.59E-04,2.08E-06,0.0255,0.026,0.02652,15001,40000
"theta[4,12]",0.02607,2.71E-04,2.03E-06,0.02554,0.02607,0.0266,15001,40000
"theta[5,1]",0.01975,2.34E-04,1.90E-06,0.01929,0.01975,0.02021,15001,40000
"theta[5,2]",0.02038,2.31E-04,1.72E-06,0.01992,0.02038,0.02083,15001,40000
"theta[5,3]",0.01164,1.65E-04,1.33E-06,0.01132,0.01164,0.01196,15001,40000
"theta[5,4]",0.01085,1.58E-04,1.39E-06,0.01054,0.01085,0.01116,15001,40000
"theta[5,5]",0.01065,1.57E-04,1.45E-06,0.01034,0.01064,0.01095,15001,40000
"theta[5,6]",0.01361,1.82E-04,1.53E-06,0.01326,0.01361,0.01398,15001,40000
"theta[5,7]",0.01598,2.00E-04,1.63E-06,0.01559,0.01597,0.01637,15001,40000
"theta[5,8]",0.01646,2.03E-04,1.64E-06,0.01606,0.01646,0.01686,15001,40000
"theta[5,9]",0.01781,2.14E-04,1.69E-06,0.0174,0.01781,0.01823,15001,40000
"theta[5,10]",0.01818,2.15E-04,1.59E-06,0.01777,0.01818,0.01861,15001,40000
"theta[5,11]",0.01977,2.27E-04,1.69E-06,0.01933,0.01977,0.02022,15001,40000
"theta[5,12]",0.01949,2.33E-04,1.78E-06,0.01903,0.01949,0.01994,15001,40000
"theta[6,1]",0.03083,3.74E-04,3.33E-06,0.03011,0.03083,0.03157,15001,40000
"theta[6,2]",0.03386,3.82E-04,2.95E-06,0.03312,0.03386,0.03461,15001,40000
"theta[6,3]",0.02136,2.92E-04,2.45E-06,0.02079,0.02135,0.02194,15001,40000
"theta[6,4]",0.01971,2.75E-04,2.27E-06,0.01918,0.01971,0.02025,15001,40000
"theta[6,5]",0.0178,2.63E-04,2.35E-06,0.01729,0.0178,0.01832,15001,40000
"theta[6,6]",0.02229,2.99E-04,2.33E-06,0.02171,0.02229,0.02288,15001,40000
"theta[6,7]",0.02735,3.34E-04,2.59E-06,0.0267,0.02735,0.02802,15001,40000
"theta[6,8]",0.02894,3.46E-04,2.78E-06,0.02826,0.02894,0.02962,15001,40000
"theta[6,9]",0.03111,3.62E-04,2.89E-06,0.03039,0.03111,0.03181,15001,40000
"theta[6,10]",0.03262,3.69E-04,2.90E-06,0.0319,0.03262,0.03334,15001,40000
"theta[6,11]",0.03182,3.63E-04,2.88E-06,0.03111,0.03182,0.03254,15001,40000
"theta[6,12]",0.03045,3.67E-04,3.01E-06,0.02973,0.03045,0.03118,15001,40000
"theta[7,1]",0.029,2.69E-04,1.92E-06,0.02847,0.029,0.02953,15001,40000
"theta[7,2]",0.02939,2.67E-04,2.03E-06,0.02887,0.02939,0.02991,15001,40000
"theta[7,3]",0.01538,1.84E-04,1.65E-06,0.01502,0.01538,0.01575,15001,40000
"theta[7,4]",0.01499,1.85E-04,1.64E-06,0.01463,0.01499,0.01535,15001,40000
"theta[7,5]",0.0139,1.78E-04,1.43E-06,0.01355,0.0139,0.01425,15001,40000
"theta[7,6]",0.01819,2.06E-04,1.63E-06,0.01779,0.01819,0.0186,15001,40000
"theta[7,7]",0.02167,2.26E-04,1.79E-06,0.02123,0.02167,0.02211,15001,40000
"theta[7,8]",0.02246,2.30E-04,1.74E-06,0.02202,0.02246,0.02292,15001,40000
"theta[7,9]",0.02258,2.32E-04,1.76E-06,0.02212,0.02258,0.02303,15001,40000
"theta[7,10]",0.02354,2.36E-04,1.87E-06,0.02308,0.02354,0.024,15001,40000
"theta[7,11]",0.02529,2.48E-04,1.88E-06,0.02481,0.02529,0.02579,15001,40000
"theta[7,12]",0.02773,2.64E-04,2.05E-06,0.02721,0.02773,0.02825,15001,40000
"theta[8,1]",0.02627,2.62E-04,1.95E-06,0.02576,0.02627,0.02679,15001,40000
"theta[8,2]",0.02738,2.64E-04,2.10E-06,0.02687,0.02738,0.02791,15001,40000
"theta[8,3]",0.01639,1.96E-04,1.64E-06,0.01601,0.01639,0.01678,15001,40000
"theta[8,4]",0.01609,1.97E-04,1.50E-06,0.01571,0.01609,0.01648,15001,40000
"theta[8,5]",0.01445,1.83E-04,1.48E-06,0.0141,0.01445,0.01481,15001,40000
"theta[8,6]",0.01699,2.01E-04,1.65E-06,0.0166,0.01699,0.01738,15001,40000
"theta[8,7]",0.02012,2.20E-04,1.78E-06,0.0197,0.02012,0.02056,15001,40000
"theta[8,8]",0.02133,2.29E-04,1.69E-06,0.02089,0.02133,0.02178,15001,40000
"theta[8,9]",0.02154,2.28E-04,1.75E-06,0.0211,0.02154,0.02199,15001,40000
"theta[8,10]",0.02237,2.34E-04,1.78E-06,0.02191,0.02237,0.02283,15001,40000
"theta[8,11]",0.02353,2.40E-04,1.89E-06,0.02307,0.02353,0.02401,15001,40000
"theta[8,12]",0.02413,2.51E-04,1.89E-06,0.02363,0.02413,0.02462,15001,40000
"theta[9,1]",0.02743,2.82E-04,2.00E-06,0.02688,0.02742,0.02798,15001,40000
"theta[9,2]",0.02808,2.85E-04,1.96E-06,0.02753,0.02808,0.02864,15001,40000
"theta[9,3]",0.01156,1.76E-04,1.47E-06,0.01122,0.01156,0.01191,15001,40000
"theta[9,4]",0.01154,1.73E-04,1.37E-06,0.0112,0.01154,0.01188,15001,40000
"theta[9,5]",0.01181,1.78E-04,1.52E-06,0.01147,0.01181,0.01216,15001,40000
"theta[9,6]",0.01528,2.06E-04,1.62E-06,0.01489,0.01528,0.01569,15001,40000
"theta[9,7]",0.01744,2.19E-04,1.71E-06,0.01701,0.01744,0.01787,15001,40000
"theta[9,8]",0.01896,2.30E-04,1.70E-06,0.01851,0.01896,0.01941,15001,40000
"theta[9,9]",0.01971,2.35E-04,1.79E-06,0.01925,0.01972,0.02018,15001,40000
"theta[9,10]",0.02145,2.46E-04,1.93E-06,0.02097,0.02145,0.02193,15001,40000
"theta[9,11]",0.02421,2.63E-04,1.88E-06,0.0237,0.0242,0.02473,15001,40000
"theta[9,12]",0.02592,2.76E-04,2.03E-06,0.02539,0.02592,0.02646,15001,40000
"theta[10,1]",0.03153,3.26E-04,2.31E-06,0.0309,0.03153,0.03217,15001,40000
"theta[10,2]",0.03248,3.30E-04,2.64E-06,0.03184,0.03248,0.03313,15001,40000
"theta[10,3]",0.01566,2.24E-04,1.99E-06,0.01523,0.01566,0.0161,15001,40000
"theta[10,4]",0.01597,2.26E-04,1.87E-06,0.01553,0.01597,0.01641,15001,40000
"theta[10,5]",0.01522,2.14E-04,1.78E-06,0.0148,0.01522,0.01564,15001,40000
"theta[10,6]",0.01901,2.41E-04,1.99E-06,0.01854,0.01901,0.01949,15001,40000
"theta[10,7]",0.02236,2.67E-04,2.27E-06,0.02184,0.02236,0.02289,15001,40000
"theta[10,8]",0.02453,2.81E-04,2.16E-06,0.02398,0.02453,0.02508,15001,40000
"theta[10,9]",0.02554,2.88E-04,2.39E-06,0.02498,0.02554,0.02612,15001,40000
"theta[10,10]",0.02681,2.94E-04,2.28E-06,0.02624,0.02681,0.02738,15001,40000
"theta[10,11]",0.02852,3.08E-04,2.33E-06,0.02792,0.02852,0.02913,15001,40000
"theta[10,12]",0.02902,3.15E-04,2.34E-06,0.0284,0.02902,0.02964,15001,40000
"theta[11,1]",0.0315,3.37E-04,2.33E-06,0.03084,0.0315,0.03216,15001,40000
"theta[11,2]",0.03204,3.31E-04,2.53E-06,0.03139,0.03204,0.03269,15001,40000
"theta[11,3]",0.0178,2.37E-04,1.89E-06,0.01734,0.0178,0.01827,15001,40000
"theta[11,4]",0.01907,2.50E-04,2.12E-06,0.01858,0.01907,0.01957,15001,40000
"theta[11,5]",0.01872,2.47E-04,2.02E-06,0.01824,0.01872,0.01921,15001,40000
"theta[11,6]",0.02274,2.77E-04,2.39E-06,0.02221,0.02274,0.02329,15001,40000
"theta[11,7]",0.02635,2.99E-04,2.46E-06,0.02577,0.02635,0.02694,15001,40000
"theta[11,8]",0.02786,3.09E-04,2.41E-06,0.02726,0.02786,0.02847,15001,40000
"theta[11,9]",0.02932,3.19E-04,2.49E-06,0.0287,0.02932,0.02995,15001,40000
"theta[11,10]",0.02979,3.18E-04,2.68E-06,0.02917,0.02979,0.03042,15001,40000
"theta[11,11]",0.02997,3.20E-04,2.37E-06,0.02934,0.02996,0.0306,15001,40000
"theta[11,12]",0.0303,3.29E-04,2.69E-06,0.02967,0.03031,0.03095,15001,40000
"theta[12,1]",0.02953,3.91E-04,3.18E-06,0.02877,0.02953,0.0303,15001,40000
"theta[12,2]",0.03031,3.83E-04,3.10E-06,0.02956,0.03031,0.03106,15001,40000
"theta[12,3]",0.01853,2.89E-04,2.45E-06,0.01796,0.01853,0.0191,15001,40000
"theta[12,4]",0.01795,2.83E-04,2.38E-06,0.0174,0.01795,0.01851,15001,40000
"theta[12,5]",0.01682,2.73E-04,2.29E-06,0.01629,0.01682,0.01737,15001,40000
"theta[12,6]",0.02039,3.06E-04,2.61E-06,0.0198,0.02039,0.021,15001,40000
"theta[12,7]",0.02404,3.35E-04,2.68E-06,0.02339,0.02403,0.0247,15001,40000
"theta[12,8]",0.02551,3.47E-04,2.66E-06,0.02484,0.02551,0.0262,15001,40000
"theta[12,9]",0.02647,3.55E-04,3.21E-06,0.02579,0.02647,0.02718,15001,40000
"theta[12,10]",0.02956,3.77E-04,2.97E-06,0.02882,0.02955,0.03031,15001,40000
"theta[12,11]",0.03064,3.82E-04,3.01E-06,0.02989,0.03063,0.03139,15001,40000
"theta[12,12]",0.02763,3.74E-04,3.10E-06,0.0269,0.02763,0.02838,15001,40000
"theta[13,1]",0.03121,3.31E-04,2.49E-06,0.03056,0.03121,0.03187,15001,40000
"theta[13,2]",0.03078,3.22E-04,2.39E-06,0.03015,0.03078,0.0314,15001,40000
"theta[13,3]",0.01603,2.19E-04,1.85E-06,0.01561,0.01603,0.01647,15001,40000
"theta[13,4]",0.01595,2.18E-04,1.76E-06,0.01553,0.01595,0.01638,15001,40000
"theta[13,5]",0.0152,2.13E-04,1.89E-06,0.01479,0.0152,0.01563,15001,40000
"theta[13,6]",0.0201,2.51E-04,2.00E-06,0.01961,0.0201,0.02059,15001,40000
"theta[13,7]",0.02413,2.78E-04,2.06E-06,0.02359,0.02413,0.02467,15001,40000
"theta[13,8]",0.0269,2.98E-04,2.14E-06,0.02632,0.0269,0.02749,15001,40000
"theta[13,9]",0.02846,3.04E-04,2.37E-06,0.02788,0.02846,0.02907,15001,40000
"theta[13,10]",0.02964,3.13E-04,2.53E-06,0.02903,0.02964,0.03025,15001,40000
"theta[13,11]",0.02893,3.11E-04,2.53E-06,0.02833,0.02893,0.02954,15001,40000
"theta[13,12]",0.0287,3.20E-04,2.54E-06,0.02808,0.0287,0.02933,15001,40000
"theta[14,1]",0.01939,2.64E-04,1.90E-06,0.01888,0.01939,0.01991,15001,40000
"theta[14,2]",0.01985,2.57E-04,1.97E-06,0.01934,0.01985,0.02035,15001,40000
"theta[14,3]",0.01005,1.73E-04,1.47E-06,0.009712,0.01004,0.01039,15001,40000
"theta[14,4]",0.01003,1.73E-04,1.51E-06,0.009694,0.01003,0.01037,15001,40000
"theta[14,5]",0.009977,1.74E-04,1.50E-06,0.009643,0.009976,0.01032,15001,40000
"theta[14,6]",0.01169,1.89E-04,1.65E-06,0.01132,0.01169,0.01206,15001,40000
"theta[14,7]",0.01377,2.07E-04,1.66E-06,0.01337,0.01377,0.01418,15001,40000
"theta[14,8]",0.01449,2.15E-04,1.69E-06,0.01407,0.01449,0.01492,15001,40000
"theta[14,9]",0.01525,2.22E-04,1.88E-06,0.01482,0.01524,0.01568,15001,40000
"theta[14,10]",0.01643,2.33E-04,1.75E-06,0.01598,0.01643,0.01688,15001,40000
"theta[14,11]",0.01791,2.44E-04,1.82E-06,0.01744,0.01791,0.01839,15001,40000
"theta[14,12]",0.01803,2.54E-04,1.96E-06,0.01754,0.01803,0.01854,15001,40000
"theta[15,1]",0.02133,2.81E-04,2.04E-06,0.02079,0.02133,0.02189,15001,40000
"theta[15,2]",0.02348,2.90E-04,2.29E-06,0.02292,0.02348,0.02405,15001,40000
"theta[15,3]",0.01078,1.90E-04,1.68E-06,0.01041,0.01078,0.01116,15001,40000
"theta[15,4]",0.01084,1.92E-04,1.60E-06,0.01046,0.01084,0.01121,15001,40000
"theta[15,5]",0.01054,1.88E-04,1.55E-06,0.01018,0.01054,0.01092,15001,40000
"theta[15,6]",0.01292,2.10E-04,1.70E-06,0.01251,0.01292,0.01333,15001,40000
"theta[15,7]",0.01621,2.37E-04,1.91E-06,0.01575,0.01621,0.01668,15001,40000
"theta[15,8]",0.01932,2.64E-04,2.10E-06,0.01881,0.01932,0.01984,15001,40000
"theta[15,9]",0.01935,2.62E-04,2.08E-06,0.01883,0.01935,0.01986,15001,40000
"theta[15,10]",0.02048,2.70E-04,1.90E-06,0.01995,0.02048,0.02101,15001,40000
"theta[15,11]",0.02082,2.71E-04,2.15E-06,0.02029,0.02082,0.02135,15001,40000
"theta[15,12]",0.01966,2.70E-04,2.15E-06,0.01914,0.01966,0.0202,15001,40000
"theta[16,1]",0.02519,2.81E-04,2.16E-06,0.02464,0.02519,0.02574,15001,40000
"theta[16,2]",0.02562,2.81E-04,2.34E-06,0.02507,0.02562,0.02617,15001,40000
"theta[16,3]",0.01519,2.12E-04,1.70E-06,0.01478,0.01519,0.01561,15001,40000
"theta[16,4]",0.01407,2.02E-04,1.70E-06,0.01368,0.01407,0.01447,15001,40000
"theta[16,5]",0.01357,1.97E-04,1.61E-06,0.01319,0.01357,0.01396,15001,40000
"theta[16,6]",0.01771,2.30E-04,1.90E-06,0.01727,0.01771,0.01816,15001,40000
"theta[16,7]",0.01986,2.47E-04,1.99E-06,0.01939,0.01986,0.02035,15001,40000
"theta[16,8]",0.02073,2.50E-04,2.04E-06,0.02025,0.02073,0.02123,15001,40000
"theta[16,9]",0.02104,2.51E-04,1.88E-06,0.02055,0.02104,0.02153,15001,40000
"theta[16,10]",0.02201,2.57E-04,2.03E-06,0.02151,0.02201,0.02252,15001,40000
"theta[16,11]",0.02415,2.72E-04,2.03E-06,0.02362,0.02415,0.02469,15001,40000
"theta[16,12]",0.0246,2.78E-04,2.15E-06,0.02405,0.02459,0.02514,15001,40000
"theta[17,1]",0.02804,3.06E-04,2.28E-06,0.02744,0.02804,0.02865,15001,40000
"theta[17,2]",0.02905,3.06E-04,2.42E-06,0.02845,0.02905,0.02965,15001,40000
"theta[17,3]",0.01595,2.17E-04,1.82E-06,0.01552,0.01595,0.01637,15001,40000
"theta[17,4]",0.01587,2.18E-04,1.95E-06,0.01544,0.01586,0.01629,15001,40000
"theta[17,5]",0.01474,2.09E-04,1.62E-06,0.01433,0.01474,0.01515,15001,40000
"theta[17,6]",0.01739,2.28E-04,1.80E-06,0.01695,0.01739,0.01785,15001,40000
"theta[17,7]",0.02066,2.52E-04,1.91E-06,0.02017,0.02066,0.02116,15001,40000
"theta[17,8]",0.02143,2.58E-04,2.06E-06,0.02093,0.02143,0.02194,15001,40000
"theta[17,9]",0.02305,2.68E-04,2.20E-06,0.02253,0.02305,0.02358,15001,40000
"theta[17,10]",0.02493,2.80E-04,2.08E-06,0.02438,0.02493,0.02548,15001,40000
"theta[17,11]",0.02648,2.89E-04,2.18E-06,0.02591,0.02648,0.02705,15001,40000
"theta[17,12]",0.02693,2.99E-04,2.46E-06,0.02635,0.02693,0.02752,15001,40000
"theta[18,1]",0.03072,3.72E-04,2.98E-06,0.03,0.03072,0.03146,15001,40000
"theta[18,2]",0.03306,3.78E-04,2.97E-06,0.03233,0.03306,0.03381,15001,40000
"theta[18,3]",0.01862,2.73E-04,2.23E-06,0.01808,0.01862,0.01916,15001,40000
"theta[18,4]",0.0191,2.79E-04,2.17E-06,0.01855,0.0191,0.01965,15001,40000
"theta[18,5]",0.01827,2.71E-04,2.18E-06,0.01774,0.01827,0.01881,15001,40000
"theta[18,6]",0.02344,3.11E-04,2.42E-06,0.02283,0.02344,0.02405,15001,40000
"theta[18,7]",0.02694,3.36E-04,2.68E-06,0.02629,0.02694,0.02761,15001,40000
"theta[18,8]",0.02811,3.45E-04,2.80E-06,0.02743,0.02811,0.02879,15001,40000
"theta[18,9]",0.02883,3.48E-04,2.46E-06,0.02815,0.02883,0.02952,15001,40000
"theta[18,10]",0.03011,3.56E-04,2.77E-06,0.02941,0.03011,0.03081,15001,40000
"theta[18,11]",0.02948,3.55E-04,2.72E-06,0.02878,0.02948,0.03018,15001,40000
"theta[18,12]",0.02811,3.54E-04,2.70E-06,0.02742,0.02811,0.02881,15001,40000
"theta[19,1]",0.0297,4.41E-04,3.54E-06,0.02883,0.02969,0.03056,15001,40000
"theta[19,2]",0.03072,4.34E-04,3.66E-06,0.02988,0.03072,0.03158,15001,40000
"theta[19,3]",0.01689,3.11E-04,2.50E-06,0.01629,0.01689,0.0175,15001,40000
"theta[19,4]",0.01556,2.96E-04,2.73E-06,0.01499,0.01556,0.01615,15001,40000
"theta[19,5]",0.01487,2.87E-04,2.54E-06,0.01431,0.01487,0.01544,15001,40000
"theta[19,6]",0.02005,3.42E-04,2.58E-06,0.01938,0.02005,0.02072,15001,40000
"theta[19,7]",0.02385,3.78E-04,2.91E-06,0.02312,0.02385,0.0246,15001,40000
"theta[19,8]",0.02427,3.79E-04,3.25E-06,0.02353,0.02427,0.02502,15001,40000
"theta[19,9]",0.02692,4.05E-04,3.28E-06,0.02613,0.02692,0.02772,15001,40000
"theta[19,10]",0.029,4.21E-04,3.42E-06,0.02819,0.029,0.02984,15001,40000
"theta[19,11]",0.02977,4.30E-04,3.78E-06,0.02894,0.02977,0.03062,15001,40000
"theta[19,12]",0.0275,4.22E-04,3.15E-06,0.02668,0.0275,0.02833,15001,40000
"theta[20,1]",0.0215,3.41E-04,2.63E-06,0.02083,0.02149,0.02217,15001,40000
"theta[20,2]",0.02143,3.27E-04,2.63E-06,0.02079,0.02142,0.02207,15001,40000
"theta[20,3]",0.01167,2.28E-04,1.90E-06,0.01124,0.01167,0.01213,15001,40000
"theta[20,4]",0.01151,2.24E-04,1.98E-06,0.01108,0.01151,0.01196,15001,40000
"theta[20,5]",0.0103,2.09E-04,1.80E-06,0.009895,0.0103,0.01071,15001,40000
"theta[20,6]",0.01209,2.32E-04,2.09E-06,0.01164,0.01209,0.01255,15001,40000
"theta[20,7]",0.01493,2.62E-04,2.05E-06,0.01442,0.01493,0.01545,15001,40000
"theta[20,8]",0.01553,2.70E-04,2.30E-06,0.01501,0.01553,0.01606,15001,40000
"theta[20,9]",0.01732,2.87E-04,2.50E-06,0.01677,0.01732,0.0179,15001,40000
"theta[20,10]",0.01942,3.08E-04,2.82E-06,0.01882,0.01942,0.02003,15001,40000
"theta[20,11]",0.02065,3.16E-04,2.49E-06,0.02003,0.02065,0.02128,15001,40000
"theta[20,12]",0.02037,3.30E-04,2.60E-06,0.01972,0.02037,0.02102,15001,40000
"theta[21,1]",0.03037,3.04E-04,2.18E-06,0.02977,0.03037,0.03096,15001,40000
"theta[21,2]",0.03057,2.99E-04,2.30E-06,0.02999,0.03057,0.03115,15001,40000
"theta[21,3]",0.01907,2.29E-04,1.74E-06,0.01863,0.01907,0.01952,15001,40000
"theta[21,4]",0.01853,2.25E-04,1.68E-06,0.0181,0.01853,0.01898,15001,40000
"theta[21,5]",0.01794,2.19E-04,1.68E-06,0.01752,0.01794,0.01837,15001,40000
"theta[21,6]",0.02288,2.51E-04,1.94E-06,0.02239,0.02288,0.02338,15001,40000
"theta[21,7]",0.02649,2.72E-04,2.14E-06,0.02596,0.02649,0.02703,15001,40000
"theta[21,8]",0.02683,2.76E-04,2.27E-06,0.0263,0.02683,0.02737,15001,40000
"theta[21,9]",0.02716,2.75E-04,2.13E-06,0.02662,0.02716,0.02771,15001,40000
"theta[21,10]",0.0274,2.80E-04,2.07E-06,0.02686,0.0274,0.02795,15001,40000
"theta[21,11]",0.02901,2.87E-04,2.36E-06,0.02845,0.02902,0.02957,15001,40000
"theta[21,12]",0.02803,2.88E-04,2.33E-06,0.02747,0.02803,0.0286,15001,40000
"theta[22,1]",0.02776,3.01E-04,2.43E-06,0.02717,0.02776,0.02835,15001,40000
"theta[22,2]",0.02932,3.05E-04,2.20E-06,0.02873,0.02932,0.02992,15001,40000
"theta[22,3]",0.01785,2.33E-04,1.90E-06,0.0174,0.01785,0.01831,15001,40000
"theta[22,4]",0.01667,2.23E-04,1.73E-06,0.01623,0.01667,0.01711,15001,40000
"theta[22,5]",0.01646,2.22E-04,1.92E-06,0.01603,0.01646,0.0169,15001,40000
"theta[22,6]",0.01952,2.42E-04,1.87E-06,0.01905,0.01951,0.01999,15001,40000
"theta[22,7]",0.0231,2.68E-04,2.12E-06,0.02258,0.02311,0.02363,15001,40000
"theta[22,8]",0.02422,2.74E-04,2.17E-06,0.02369,0.02422,0.02476,15001,40000
"theta[22,9]",0.0251,2.79E-04,2.30E-06,0.02456,0.0251,0.02565,15001,40000
"theta[22,10]",0.02551,2.81E-04,2.12E-06,0.02496,0.02551,0.02606,15001,40000
"theta[22,11]",0.02827,3.00E-04,2.19E-06,0.02768,0.02827,0.02886,15001,40000
"theta[22,12]",0.02793,2.98E-04,2.25E-06,0.02735,0.02793,0.02852,15001,40000
"theta[23,1]",0.01955,2.86E-04,2.21E-06,0.019,0.01955,0.02012,15001,40000
"theta[23,2]",0.02001,2.79E-04,2.19E-06,0.01947,0.02001,0.02056,15001,40000
"theta[23,3]",0.01011,1.84E-04,1.66E-06,0.009752,0.01011,0.01047,15001,40000
"theta[23,4]",0.01014,1.84E-04,1.62E-06,0.00978,0.01014,0.0105,15001,40000
"theta[23,5]",0.00958,1.78E-04,1.64E-06,0.009233,0.009579,0.00993,15001,40000
"theta[23,6]",0.01197,2.03E-04,1.82E-06,0.01158,0.01197,0.01238,15001,40000
"theta[23,7]",0.01504,2.34E-04,1.97E-06,0.01459,0.01504,0.0155,15001,40000
"theta[23,8]",0.01559,2.40E-04,1.99E-06,0.01512,0.01559,0.01607,15001,40000
"theta[23,9]",0.01659,2.47E-04,2.20E-06,0.01611,0.01659,0.01707,15001,40000
"theta[23,10]",0.01712,2.51E-04,2.03E-06,0.01663,0.01712,0.01762,15001,40000
"theta[23,11]",0.01847,2.64E-04,2.16E-06,0.01796,0.01847,0.019,15001,40000
"theta[23,12]",0.01925,2.83E-04,2.30E-06,0.0187,0.01924,0.0198,15001,40000
"theta[24,1]",0.02849,2.78E-04,2.10E-06,0.02795,0.02849,0.02904,15001,40000
"theta[24,2]",0.02903,2.78E-04,2.14E-06,0.02849,0.02903,0.02958,15001,40000
"theta[24,3]",0.01562,1.96E-04,1.76E-06,0.01523,0.01561,0.016,15001,40000
"theta[24,4]",0.01656,2.01E-04,1.61E-06,0.01617,0.01656,0.01696,15001,40000
"theta[24,5]",0.01567,1.94E-04,1.64E-06,0.01529,0.01566,0.01605,15001,40000
"theta[24,6]",0.01968,2.21E-04,1.81E-06,0.01925,0.01968,0.02012,15001,40000
"theta[24,7]",0.02292,2.42E-04,2.00E-06,0.02245,0.02292,0.02339,15001,40000
"theta[24,8]",0.02359,2.45E-04,2.00E-06,0.02311,0.02359,0.02408,15001,40000
"theta[24,9]",0.02486,2.53E-04,2.00E-06,0.02437,0.02486,0.02536,15001,40000
"theta[24,10]",0.02577,2.57E-04,1.86E-06,0.02527,0.02577,0.02628,15001,40000
"theta[24,11]",0.02628,2.62E-04,1.88E-06,0.02577,0.02628,0.02679,15001,40000
"theta[24,12]",0.02632,2.69E-04,2.08E-06,0.02579,0.02632,0.02685,15001,40000
"theta[25,1]",0.02423,2.74E-04,2.00E-06,0.0237,0.02423,0.02478,15001,40000
"theta[25,2]",0.02382,2.65E-04,2.01E-06,0.0233,0.02382,0.02434,15001,40000
"theta[25,3]",0.01026,1.66E-04,1.37E-06,0.009931,0.01026,0.01058,15001,40000
"theta[25,4]",0.01134,1.74E-04,1.40E-06,0.01101,0.01134,0.01168,15001,40000
"theta[25,5]",0.01183,1.80E-04,1.53E-06,0.01147,0.01183,0.01218,15001,40000
"theta[25,6]",0.01533,2.06E-04,1.65E-06,0.01493,0.01532,0.01573,15001,40000
"theta[25,7]",0.01644,2.15E-04,1.72E-06,0.01602,0.01644,0.01687,15001,40000
"theta[25,8]",0.01765,2.22E-04,1.72E-06,0.01723,0.01765,0.01809,15001,40000
"theta[25,9]",0.01841,2.31E-04,1.98E-06,0.01796,0.01841,0.01887,15001,40000
"theta[25,10]",0.02005,2.40E-04,1.93E-06,0.01959,0.02005,0.02053,15001,40000
"theta[25,11]",0.0204,2.42E-04,1.84E-06,0.01994,0.0204,0.02089,15001,40000
"theta[25,12]",0.02129,2.53E-04,1.94E-06,0.02079,0.02129,0.0218,15001,40000
"theta[26,1]",0.01533,2.68E-04,2.13E-06,0.01482,0.01533,0.01587,15001,40000
"theta[26,2]",0.01544,2.61E-04,2.17E-06,0.01493,0.01543,0.01595,15001,40000
"theta[26,3]",0.00824,1.78E-04,1.68E-06,0.007893,0.008239,0.00859,15001,40000
"theta[26,4]",0.008553,1.82E-04,1.65E-06,0.0082,0.008552,0.008915,15001,40000
"theta[26,5]",0.007998,1.74E-04,1.54E-06,0.007662,0.007997,0.008339,15001,40000
"theta[26,6]",0.0101,2.01E-04,1.69E-06,0.00971,0.0101,0.0105,15001,40000
"theta[26,7]",0.01201,2.23E-04,1.82E-06,0.01158,0.01201,0.01245,15001,40000
"theta[26,8]",0.01281,2.33E-04,1.89E-06,0.01235,0.01281,0.01327,15001,40000
"theta[26,9]",0.01401,2.44E-04,1.94E-06,0.01353,0.014,0.01449,15001,40000
"theta[26,10]",0.01481,2.54E-04,2.03E-06,0.01432,0.01481,0.01532,15001,40000
"theta[26,11]",0.01521,2.59E-04,2.21E-06,0.01471,0.01521,0.01573,15001,40000
"theta[26,12]",0.01547,2.70E-04,2.27E-06,0.01494,0.01546,0.016,15001,40000
"theta[27,1]",0.02735,2.93E-04,2.18E-06,0.02678,0.02734,0.02793,15001,40000
"theta[27,2]",0.02744,2.92E-04,2.23E-06,0.02687,0.02744,0.02801,15001,40000
"theta[27,3]",0.01864,2.36E-04,1.84E-06,0.01818,0.01864,0.01911,15001,40000
"theta[27,4]",0.01787,2.31E-04,1.90E-06,0.01742,0.01786,0.01833,15001,40000
"theta[27,5]",0.01716,2.24E-04,1.76E-06,0.01672,0.01716,0.0176,15001,40000
"theta[27,6]",0.02102,2.52E-04,1.98E-06,0.02053,0.02102,0.02152,15001,40000
"theta[27,7]",0.02385,2.67E-04,2.02E-06,0.02333,0.02384,0.02437,15001,40000
"theta[27,8]",0.02502,2.78E-04,2.13E-06,0.02449,0.02502,0.02558,15001,40000
"theta[27,9]",0.02551,2.79E-04,2.14E-06,0.02497,0.02551,0.02607,15001,40000
"theta[27,10]",0.0281,2.92E-04,2.24E-06,0.02754,0.02811,0.02868,15001,40000
"theta[27,11]",0.02918,3.01E-04,2.11E-06,0.02859,0.02917,0.02978,15001,40000
"theta[27,12]",0.02718,2.93E-04,2.32E-06,0.02661,0.02718,0.02776,15001,40000
"theta[28,1]",0.02101,3.06E-04,2.37E-06,0.02041,0.02101,0.02161,15001,40000
"theta[28,2]",0.02043,2.97E-04,2.45E-06,0.01985,0.02042,0.02101,15001,40000
"theta[28,3]",0.01022,1.96E-04,1.75E-06,0.009847,0.01022,0.01061,15001,40000
"theta[28,4]",0.01094,2.06E-04,1.82E-06,0.01054,0.01093,0.01134,15001,40000
"theta[28,5]",0.009846,1.92E-04,1.75E-06,0.009476,0.009844,0.01023,15001,40000
"theta[28,6]",0.01263,2.22E-04,1.89E-06,0.0122,0.01263,0.01307,15001,40000
"theta[28,7]",0.01497,2.46E-04,2.01E-06,0.01449,0.01497,0.01546,15001,40000
"theta[28,8]",0.015,2.47E-04,1.96E-06,0.01452,0.01499,0.01549,15001,40000
"theta[28,9]",0.01665,2.64E-04,2.05E-06,0.01613,0.01664,0.01717,15001,40000
"theta[28,10]",0.01741,2.70E-04,2.21E-06,0.01689,0.01741,0.01795,15001,40000
"theta[28,11]",0.02003,2.92E-04,2.27E-06,0.01946,0.02003,0.02061,15001,40000
"theta[28,12]",0.01986,3.02E-04,2.37E-06,0.01928,0.01986,0.02046,15001,40000
"theta[29,1]",0.03115,3.15E-04,2.44E-06,0.03054,0.03115,0.03177,15001,40000
"theta[29,2]",0.03197,3.17E-04,2.57E-06,0.03135,0.03197,0.03261,15001,40000
"theta[29,3]",0.01583,2.18E-04,1.78E-06,0.01541,0.01583,0.01626,15001,40000
"theta[29,4]",0.01802,2.34E-04,1.88E-06,0.01756,0.01802,0.01848,15001,40000
"theta[29,5]",0.01732,2.29E-04,1.73E-06,0.01687,0.01731,0.01777,15001,40000
"theta[29,6]",0.02061,2.51E-04,2.11E-06,0.02012,0.02061,0.0211,15001,40000
"theta[29,7]",0.02366,2.70E-04,1.99E-06,0.02314,0.02366,0.0242,15001,40000
"theta[29,8]",0.02474,2.76E-04,2.29E-06,0.02421,0.02474,0.02528,15001,40000
"theta[29,9]",0.02544,2.79E-04,2.28E-06,0.02489,0.02544,0.02598,15001,40000
"theta[29,10]",0.02768,2.92E-04,2.32E-06,0.02711,0.02768,0.02825,15001,40000
"theta[29,11]",0.02791,2.95E-04,2.27E-06,0.02733,0.02791,0.02849,15001,40000
"theta[29,12]",0.02763,2.97E-04,2.39E-06,0.02705,0.02763,0.02822,15001,40000
"theta[30,1]",0.0243,2.86E-04,2.21E-06,0.02375,0.0243,0.02487,15001,40000
"theta[30,2]",0.0248,2.85E-04,2.18E-06,0.02424,0.0248,0.02536,15001,40000
"theta[30,3]",0.01548,2.16E-04,1.60E-06,0.01506,0.01548,0.01591,15001,40000
"theta[30,4]",0.01561,2.15E-04,1.84E-06,0.0152,0.01561,0.01604,15001,40000
"theta[30,5]",0.01584,2.19E-04,1.68E-06,0.01542,0.01584,0.01628,15001,40000
"theta[30,6]",0.01859,2.37E-04,1.77E-06,0.01813,0.01859,0.01906,15001,40000
"theta[30,7]",0.02081,2.53E-04,2.04E-06,0.02032,0.02081,0.02131,15001,40000
"theta[30,8]",0.02219,2.64E-04,2.06E-06,0.02167,0.02219,0.02271,15001,40000
"theta[30,9]",0.02176,2.60E-04,2.11E-06,0.02125,0.02176,0.02227,15001,40000
"theta[30,10]",0.02292,2.69E-04,2.10E-06,0.02239,0.02292,0.02345,15001,40000
"theta[30,11]",0.02225,2.63E-04,2.13E-06,0.02174,0.02225,0.02276,15001,40000
"theta[30,12]",0.0237,2.83E-04,2.33E-06,0.02314,0.0237,0.02425,15001,40000
"theta[31,1]",0.02292,2.58E-04,1.90E-06,0.02242,0.02292,0.02343,15001,40000
"theta[31,2]",0.02214,2.50E-04,2.02E-06,0.02165,0.02213,0.02263,15001,40000
"theta[31,3]",0.01095,1.68E-04,1.51E-06,0.01063,0.01095,0.01129,15001,40000
"theta[31,4]",0.01072,1.64E-04,1.41E-06,0.0104,0.01072,0.01104,15001,40000
"theta[31,5]",0.0104,1.62E-04,1.30E-06,0.01009,0.0104,0.01073,15001,40000
"theta[31,6]",0.01384,1.91E-04,1.47E-06,0.01346,0.01384,0.01422,15001,40000
"theta[31,7]",0.01727,2.15E-04,1.70E-06,0.01685,0.01727,0.0177,15001,40000
"theta[31,8]",0.01726,2.15E-04,1.68E-06,0.01684,0.01726,0.01769,15001,40000
"theta[31,9]",0.01864,2.25E-04,1.70E-06,0.0182,0.01864,0.01908,15001,40000
"theta[31,10]",0.02021,2.35E-04,1.86E-06,0.01976,0.02021,0.02067,15001,40000
"theta[31,11]",0.02043,2.36E-04,1.74E-06,0.01998,0.02043,0.0209,15001,40000
"theta[31,12]",0.02105,2.48E-04,2.00E-06,0.02057,0.02105,0.02154,15001,40000
"theta[32,1]",0.0507,4.89E-04,3.70E-06,0.04975,0.0507,0.05167,15001,40000
"theta[32,2]",0.0567,5.19E-04,3.89E-06,0.05569,0.0567,0.05773,15001,40000
"theta[32,3]",0.03461,3.95E-04,2.91E-06,0.03383,0.03461,0.03539,15001,40000
"theta[32,4]",0.02929,3.64E-04,2.93E-06,0.02858,0.02929,0.03,15001,40000
"theta[32,5]",0.02742,3.50E-04,2.96E-06,0.02674,0.02742,0.02811,15001,40000
"theta[32,6]",0.03403,3.93E-04,3.10E-06,0.03326,0.03403,0.0348,15001,40000
"theta[32,7]",0.03958,4.27E-04,3.22E-06,0.03875,0.03958,0.04041,15001,40000
"theta[32,8]",0.04241,4.40E-04,3.48E-06,0.04155,0.0424,0.04328,15001,40000
"theta[32,9]",0.04819,4.76E-04,3.65E-06,0.04726,0.04818,0.04912,15001,40000
"theta[32,10]",0.05026,4.83E-04,3.85E-06,0.04932,0.05026,0.05122,15001,40000
"theta[32,11]",0.05401,5.08E-04,3.90E-06,0.05301,0.05401,0.05502,15001,40000
"theta[32,12]",0.04403,4.57E-04,3.47E-06,0.04313,0.04403,0.04492,15001,40000
v[1],0.2566,0.00219,2.21E-05,0.2523,0.2566,0.2609,15001,40000
v[2],0.2847,0.002185,2.01E-05,0.2805,0.2847,0.289,15001,40000
v[3],-0.3369,0.002813,2.53E-05,-0.3425,-0.3369,-0.3314,15001,40000
v[4],-0.3511,0.002798,2.57E-05,-0.3566,-0.3511,-0.3456,15001,40000
v[5],-0.3909,0.00283,2.45E-05,-0.3965,-0.3909,-0.3854,15001,40000
v[6],-0.167,0.002584,2.31E-05,-0.1721,-0.167,-0.1619,15001,40000
v[7],-0.006516,0.002421,2.01E-05,-0.01128,-0.006507,-0.001735,15001,40000
v[8],0.05017,0.002371,2.11E-05,0.04547,0.05017,0.05482,15001,40000
v[9],0.0997,0.002326,2.06E-05,0.09517,0.09971,0.1042,15001,40000
v[10],0.1548,0.002254,1.87E-05,0.1504,0.1548,0.1592,15001,40000
v[11],0.2062,0.002237,1.97E-05,0.2019,0.2063,0.2106,15001,40000
v[12],0.2002,0.002244,2.03E-05,0.1958,0.2002,0.2046,15001,40000
